m,v,d,tt,tp,ike,cu,e,lambda,AB,e/cu,lambda_pred
0.2,10,0.04,-2.502989157,-0.9963301059999999,2.3025850930000002,0.0,4.6051701860000005,-1.609437912,-1.6686808309999999,4.6051701860000005,-1.7967814
0.1,5,0.04,-2.7063516439999997,-1.8157735119999998,0.22314355100000002,0.0,4.6051701860000005,0.0,-1.6686808309999999,4.6051701860000005,1.0089339
0.5,10,0.08,-2.864002503,-1.3632343,3.218875825,0.0,4.6051701860000005,-1.609437912,-0.97553365,4.6051701860000005,-1.592052
0.5,10,0.08,-2.596687733,-1.138734528,3.218875825,0.0,4.6051701860000005,-2.3025850930000002,-0.97553365,4.6051701860000005,-2.2801976
0.1,10,0.04,-2.873160721,-1.4432118630000002,1.609437912,0.0,4.6051701860000005,-2.3025850930000002,-1.6686808309999999,4.6051701860000005,-2.250846
0.2,10,0.08,-3.243680944,-1.820554084,2.3025850930000002,0.0,4.6051701860000005,-2.3025850930000002,-0.97553365,4.6051701860000005,-2.282314
0.5,10,0.08,-2.864002503,-1.3632343,3.218875825,0.0,4.6051701860000005,-1.609437912,-0.97553365,4.6051701860000005,-1.604487
0.5,5,0.04,-1.7610750869999998,-0.817377958,1.832581464,0.0,4.6051701860000005,-2.3025850930000002,-1.6686808309999999,4.6051701860000005,-2.3200555
0.5,10,0.08,-2.596687733,-1.138734528,3.218875825,0.0,4.6051701860000005,-2.3025850930000002,-0.97553365,4.6051701860000005,-2.2423413
0.2,10,0.04,-2.23792158,-0.779934583,2.3025850930000002,0.0,4.6051701860000005,-2.3025850930000002,-1.6686808309999999,4.6051701860000005,-2.263382
0.5,10,0.08,-2.864002503,-1.3632343,3.218875825,0.0,4.6051701860000005,-1.609437912,-0.97553365,4.6051701860000005,-1.6279925
0.2,5,0.04,-2.316481198,-1.3839131980000001,0.916290732,0.0,6.214608097999999,0.0,-0.570068542,6.214608097999999,-0.023926796
0.5,5,0.04,-2.786444269,-1.7809144890000002,1.832581464,1.609437912,6.214608097999999,0.0,-0.059242918,4.6051701860000005,-0.057882372
0.2,20,0.08,-4.5208290380000005,-2.197288579,3.688879454,1.609437912,6.214608097999999,-1.609437912,0.633904262,4.6051701860000005,-1.6585808
0.5,10,0.08,-2.897879873,-1.3556953230000002,3.218875825,0.0,6.214608097999999,-2.3025850930000002,0.123078638,6.214608097999999,-2.2481606
0.5,5,0.04,-3.48675527,-2.442215044,1.832581464,1.609437912,6.214608097999999,-2.3025850930000002,-0.059242918,4.6051701860000005,-2.2851188
0.2,10,0.04,-3.7567301210000004,-2.093102428,2.3025850930000002,1.609437912,6.214608097999999,-2.3025850930000002,-0.059242918,4.6051701860000005,-2.1929567
0.2,15,0.04,-3.6840909369999997,-1.6744245340000001,3.113515309,1.609437912,6.214608097999999,-1.609437912,-0.059242918,4.6051701860000005,-1.6238339
0.1,5,0.04,-4.054739308,-2.9178827380000003,0.22314355100000002,0.0,6.214608097999999,-1.609437912,-0.570068542,6.214608097999999,-1.6995984
0.2,20,0.04,-3.186408635,-0.9921679609999999,3.688879454,1.609437912,6.214608097999999,-2.3025850930000002,-0.059242918,4.6051701860000005,-2.2854042
0.5,15,0.08,-3.702572781,-1.7012462309999998,4.0298060410000005,1.609437912,6.214608097999999,-2.3025850930000002,0.633904262,4.6051701860000005,-2.2133424
0.5,20,0.08,-3.50789212,-1.3203568190000001,4.6051701860000005,1.609437912,6.214608097999999,-2.3025850930000002,0.633904262,4.6051701860000005,-2.2230775
0.2,10,0.04,-3.917035547,-2.237659147,2.3025850930000002,1.609437912,6.907755279,-2.3025850930000002,0.34622219,5.298317367,-2.2750008
0.5,5,0.04,-3.942482213,-2.813744106,1.832581464,1.609437912,6.907755279,-1.609437912,0.34622219,5.298317367,-1.58461
0.1,15,0.04,-5.035953102,-2.825415824,2.420368129,2.3025850930000002,6.907755279,-1.609437912,0.633904262,4.6051701860000005,-1.5967411
0.2,15,0.04,-4.052435159,-2.000201618,3.113515309,2.3025850930000002,6.907755279,-2.3025850930000002,0.633904262,4.6051701860000005,-2.1989336
0.5,15,0.08,-3.8584822389999998,-1.8165112840000002,4.0298060410000005,1.609437912,6.907755279,-2.3025850930000002,1.03936937,5.298317367,-2.281824
0.2,20,0.08,-4.297685486000001,-2.05635021,3.688879454,1.609437912,6.907755279,-2.3025850930000002,1.03936937,5.298317367,-2.22719
0.1,20,0.04,-3.986746552,-1.760051522,2.995732274,1.609437912,6.907755279,-2.3025850930000002,0.34622219,5.298317367,-2.2799888
0.5,10,0.04,-3.597942459,-1.9139542219999999,3.218875825,2.3025850930000002,6.907755279,-2.3025850930000002,0.633904262,4.6051701860000005,-2.2179227
0.5,10,0.04,-3.464776363,-1.787942762,3.218875825,1.609437912,6.907755279,-1.609437912,0.34622219,5.298317367,-1.6535504
0.5,20,0.04,-2.94541946,-0.6496127079999999,4.6051701860000005,2.3025850930000002,6.907755279,-2.3025850930000002,0.633904262,4.6051701860000005,-2.254038
0.5,20,0.04,-2.94541946,-0.6496127079999999,4.6051701860000005,2.3025850930000002,6.907755279,-2.3025850930000002,0.633904262,4.6051701860000005,-2.3026257
0.2,15,0.04,-4.194385916,-2.112130036,3.113515309,3.218875825,7.824046011,0.0,1.5501949940000002,4.6051701860000005,-0.21923774
0.5,15,0.08,-3.993233061,-1.925025754,4.0298060410000005,1.609437912,7.824046011,-2.3025850930000002,1.732516551,6.214608097999999,-2.2489207
0.5,10,0.04,-4.688551795,-2.8481401969999998,3.218875825,3.218875825,7.824046011,-1.609437912,1.5501949940000002,4.6051701860000005,-1.6739373
0.1,10,0.04,-4.601178165,-2.827644877,1.609437912,1.609437912,7.824046011,-2.3025850930000002,1.03936937,6.214608097999999,-2.2430017
0.1,15,0.04,-3.615628992,-1.6707602780000002,2.420368129,1.609437912,7.824046011,0.0,1.03936937,6.214608097999999,-0.04066891
0.1,15,0.04,-3.615628992,-1.6707602780000002,2.420368129,1.609437912,7.824046011,0.0,1.03936937,6.214608097999999,-0.014454666
0.5,10,0.04,-3.302257434,-1.6185997540000001,3.218875825,1.609437912,7.824046011,-2.3025850930000002,1.03936937,6.214608097999999,-2.278535
0.5,10,0.04,-4.688551795,-2.8481401969999998,3.218875825,3.218875825,7.824046011,-1.609437912,1.5501949940000002,4.6051701860000005,-1.6005362
0.2,15,0.04,-4.876978909,-2.7118775160000004,3.113515309,3.218875825,7.824046011,-2.3025850930000002,1.5501949940000002,4.6051701860000005,-2.2802382
0.5,5,0.04,-3.711534145,-2.63839355,1.832581464,1.609437912,7.824046011,-2.3025850930000002,1.03936937,6.214608097999999,-2.221951
0.5,15,0.08,-4.361440001,-2.187757532,4.0298060410000005,1.609437912,7.824046011,-1.609437912,1.732516551,6.214608097999999,-1.6055193
0.5,10,0.08,-3.061872076,-1.4979323169999998,3.218875825,0.0,5.298317367,-1.609437912,-0.570068542,5.298317367,-1.5874182
0.5,15,0.08,-2.815078774,-1.017172404,4.0298060410000005,0.0,5.298317367,-1.609437912,-0.570068542,5.298317367,-1.6140875
0.5,15,0.08,-2.815078774,-1.017172404,4.0298060410000005,0.0,5.298317367,-1.609437912,-0.570068542,5.298317367,-1.6318903
0.2,5,0.04,-3.315937538,-2.3230327280000003,0.916290732,0.0,5.298317367,-1.609437912,-1.263215723,5.298317367,-1.6365081
0.1,15,0.08,-3.897134393,-2.1137514530000003,2.420368129,0.0,5.298317367,-1.609437912,-0.570068542,5.298317367,-1.6458819
0.2,5,0.04,-2.187650555,-1.271809202,0.916290732,0.0,5.298317367,0.0,-1.263215723,5.298317367,-0.102991164
0.1,5,0.04,-3.9633163000000002,-2.840507885,0.22314355100000002,0.0,5.298317367,-1.609437912,-1.263215723,5.298317367,-1.5822291
0.1,10,0.04,-3.0804190819999997,-1.583789659,1.609437912,0.0,5.298317367,-2.3025850930000002,-1.263215723,5.298317367,-2.2567446
0.2,10,0.08,-3.3790445769999997,-1.923272329,2.3025850930000002,0.0,5.298317367,-2.3025850930000002,-0.570068542,5.298317367,-2.3194165
0.1,10,0.04,-3.0804190819999997,-1.583789659,1.609437912,0.0,5.298317367,-2.3025850930000002,-1.263215723,5.298317367,-2.286644
0.1,15,0.08,-3.5439136839999996,-1.8920130480000001,2.420368129,0.0,5.298317367,-2.3025850930000002,-0.570068542,5.298317367,-2.2905564
0.5,20,0.08,-4.260163047,-1.906874068,4.6051701860000005,2.3025850930000002,7.60090246,-2.3025850930000002,1.732516551,5.298317367,-2.316548
0.5,20,0.04,-3.172469452,-0.861206134,4.6051701860000005,2.3025850930000002,7.60090246,-2.3025850930000002,1.03936937,5.298317367,-2.275375
0.2,10,0.04,-4.806063128,-2.955204722,2.3025850930000002,2.3025850930000002,7.60090246,-1.609437912,1.03936937,5.298317367,-1.6057059
0.1,20,0.04,-3.91904762,-1.688307975,2.995732274,2.3025850930000002,7.60090246,0.0,1.03936937,5.298317367,-0.04897708
0.5,15,0.04,-2.697703909,-0.673697557,4.0298060410000005,2.3025850930000002,7.60090246,0.0,1.03936937,5.298317367,1.0249115
0.2,20,0.04,-3.339349978,-1.0961832409999999,3.688879454,2.3025850930000002,7.60090246,0.0,1.03936937,5.298317367,-0.0772838
0.5,20,0.08,-4.260163047,-1.906874068,4.6051701860000005,2.3025850930000002,7.60090246,-2.3025850930000002,1.732516551,5.298317367,-2.3181224
0.2,15,0.04,-3.524043212,-1.4972169830000002,3.113515309,2.3025850930000002,7.60090246,0.0,1.03936937,5.298317367,1.0136881
0.2,10,0.04,-4.806063128,-2.955204722,2.3025850930000002,2.3025850930000002,7.60090246,-1.609437912,1.03936937,5.298317367,-1.591447
0.2,20,0.04,-4.330573353,-1.988241616,3.688879454,2.3025850930000002,7.60090246,-1.609437912,1.03936937,5.298317367,-1.504332
0.2,20,0.04,-4.330573353,-1.988241616,3.688879454,2.3025850930000002,7.60090246,-1.609437912,1.03936937,5.298317367,-1.6283345
0.2,20,0.04,-4.1720899110000005,-1.8262018569999998,3.688879454,2.3025850930000002,8.517193191,-2.3025850930000002,1.732516551,6.214608097999999,-2.1398535
0.5,15,0.04,-2.8231244089999996,-0.787396323,4.0298060410000005,2.3025850930000002,8.517193191,0.0,1.732516551,6.214608097999999,-0.0073621892
0.1,15,0.04,-5.210306489,-2.978993158,2.420368129,2.3025850930000002,8.517193191,-1.609437912,1.732516551,6.214608097999999,-1.6480656
0.5,20,0.08,-4.385231766,-2.00556674,4.6051701860000005,2.3025850930000002,8.517193191,-2.3025850930000002,2.4256637309999998,6.214608097999999,-2.2573328
0.2,15,0.04,-3.6260924660000002,-1.5869135019999998,3.113515309,2.3025850930000002,8.517193191,0.0,1.732516551,6.214608097999999,1.002756
0.5,20,0.08,-3.63212112,-1.3966841490000002,4.6051701860000005,2.3025850930000002,8.517193191,0.0,2.4256637309999998,6.214608097999999,-0.118979394
0.5,15,0.04,-3.545991967,-1.4622945840000001,4.0298060410000005,3.218875825,8.517193191,0.0,1.955660102,5.298317367,-0.0050935172
0.1,20,0.04,-4.71721969,-2.370221742,2.995732274,2.3025850930000002,8.517193191,-2.3025850930000002,1.732516551,6.214608097999999,-2.2477732
0.5,15,0.04,-3.545991967,-1.4622945840000001,4.0298060410000005,3.218875825,8.517193191,0.0,1.955660102,5.298317367,-0.026812376
0.5,10,0.04,-3.111367617,-1.453511667,3.218875825,2.3025850930000002,8.517193191,0.0,1.732516551,6.214608097999999,-0.21016926
0.5,20,0.04,-3.310443018,-0.973358562,4.6051701860000005,3.218875825,8.517193191,0.0,1.955660102,5.298317367,-0.0910545
0.5,15,0.04,-4.723953722,-2.566602724,4.0298060410000005,3.218875825,9.433483922999999,-1.609437912,2.648807283,6.214608097999999,-1.6755996
0.5,15,0.04,-3.649658741,-1.559829036,4.0298060410000005,3.218875825,9.433483922999999,0.0,2.648807283,6.214608097999999,-0.06708187
0.2,15,0.04,-4.377238118,-2.29188257,3.113515309,3.218875825,9.433483922999999,0.0,2.648807283,6.214608097999999,-0.22340375
0.2,20,0.04,-5.306349538,-2.8023389030000003,3.688879454,3.218875825,9.433483922999999,-1.609437912,2.648807283,6.214608097999999,-1.6020164
0.2,15,0.04,-5.146455017,-2.885336456,3.113515309,3.218875825,9.433483922999999,-2.3025850930000002,2.648807283,6.214608097999999,-2.2491908
0.2,20,0.04,-4.958992061,-2.524679195,3.688879454,3.218875825,9.433483922999999,-2.3025850930000002,2.648807283,6.214608097999999,-2.2789106
0.2,20,0.04,-4.958992061,-2.524679195,3.688879454,3.218875825,9.433483922999999,-2.3025850930000002,2.648807283,6.214608097999999,-2.2770975
0.2,20,0.04,-4.198372633,-1.852121126,3.688879454,3.218875825,9.433483922999999,0.0,2.648807283,6.214608097999999,-0.13173741
0.5,10,0.04,-3.9040548360000003,-2.1904714309999997,3.218875825,3.218875825,9.433483922999999,0.0,2.648807283,6.214608097999999,-0.26535302
0.2,15,0.04,-5.146455017,-2.885336456,3.113515309,3.218875825,9.433483922999999,-2.3025850930000002,2.648807283,6.214608097999999,-2.2440217
0.5,15,0.04,-3.649658741,-1.559829036,4.0298060410000005,3.218875825,9.433483922999999,0.0,2.648807283,6.214608097999999,-0.030227484
0.2,10,0.04,-2.437717767,-0.936932311,2.3025850930000002,0.0,5.298317367,-2.3025850930000002,-1.263215723,5.298317367,-2.2031364
0.5,15,0.08,-3.01023696,-1.13576602,4.0298060410000005,0.0,6.214608097999999,-1.609437912,0.123078638,6.214608097999999,-1.5288225
0.5,5,0.04,-2.0396056330000003,-1.081472026,1.832581464,0.0,5.298317367,-2.3025850930000002,-1.263215723,5.298317367,-2.2257252
0.5,10,0.08,-2.864002503,-1.3632343,3.218875825,0.0,4.6051701860000005,-1.609437912,-0.97553365,4.6051701860000005,-1.6335136
0.1,10,0.04,-2.873160721,-1.4432118630000002,1.609437912,0.0,4.6051701860000005,-2.3025850930000002,-1.6686808309999999,4.6051701860000005,-2.3161569
0.5,15,0.08,-3.01023696,-1.13576602,4.0298060410000005,0.0,6.214608097999999,-1.609437912,0.123078638,6.214608097999999,-1.6391964
0.5,5,0.04,-2.686484423,-1.6917548709999999,1.832581464,0.0,6.214608097999999,-1.609437912,-0.570068542,6.214608097999999,-1.5580373
0.2,10,0.08,-3.6045383060000002,-2.084639025,2.3025850930000002,0.0,4.6051701860000005,-1.609437912,-0.97553365,4.6051701860000005,-1.612853
0.1,5,0.04,-3.711534145,-2.6731851140000003,0.22314355100000002,0.0,6.214608097999999,-2.3025850930000002,-0.570068542,6.214608097999999,-2.237674
0.5,5,0.04,-2.261059346,-1.2858772440000001,1.832581464,0.0,6.214608097999999,-2.3025850930000002,-0.570068542,6.214608097999999,-2.2481558
0.1,5,0.04,-2.8271716319999998,-1.9139542219999999,0.22314355100000002,0.0,5.298317367,0.0,-1.263215723,5.298317367,1.0183434
0.5,20,0.08,-3.796910198,-1.527968531,4.6051701860000005,1.609437912,7.824046011,-2.3025850930000002,1.732516551,6.214608097999999,-2.18632
0.1,10,0.04,-4.495419322,-2.7453160260000002,1.609437912,1.609437912,6.907755279,-2.3025850930000002,0.34622219,5.298317367,-2.2780766
0.2,20,0.04,-3.583438942,-1.302865393,3.688879454,1.609437912,7.824046011,-2.3025850930000002,1.03936937,6.214608097999999,-2.103245
0.1,10,0.04,-4.601178165,-2.827644877,1.609437912,1.609437912,7.824046011,-2.3025850930000002,1.03936937,6.214608097999999,-2.2633781
0.5,10,0.04,-3.464776363,-1.787942762,3.218875825,1.609437912,6.907755279,-1.609437912,0.34622219,5.298317367,-1.6271654
0.5,20,0.08,-3.50789212,-1.3203568190000001,4.6051701860000005,1.609437912,6.214608097999999,-2.3025850930000002,0.633904262,4.6051701860000005,-2.2839875
0.2,15,0.04,-3.6840909369999997,-1.6744245340000001,3.113515309,1.609437912,6.214608097999999,-1.609437912,-0.059242918,4.6051701860000005,-1.6283739
0.5,5,0.04,-2.894259305,-1.879856526,1.832581464,1.609437912,6.907755279,0.0,0.34622219,5.298317367,-0.03529245
0.5,20,0.08,-3.654284809,-1.4118337319999998,4.6051701860000005,1.609437912,6.907755279,-2.3025850930000002,1.03936937,5.298317367,-2.2088282
0.5,20,0.08,-3.796910198,-1.527968531,4.6051701860000005,1.609437912,7.824046011,-2.3025850930000002,1.732516551,6.214608097999999,-2.2381098
0.2,10,0.04,-3.207441447,-1.570140279,2.3025850930000002,1.609437912,6.907755279,0.0,0.34622219,5.298317367,-0.0030886554
0.2,15,0.04,-4.230851807,-2.15254571,3.113515309,2.3025850930000002,7.60090246,-2.3025850930000002,1.03936937,5.298317367,-2.2208598
0.5,15,0.04,-2.697703909,-0.673697557,4.0298060410000005,2.3025850930000002,7.60090246,0.0,1.03936937,5.298317367,1.0158113
0.2,10,0.04,-3.695300022,-2.02286463,2.3025850930000002,2.3025850930000002,6.907755279,0.0,0.633904262,4.6051701860000005,-0.033464853
0.2,15,0.04,-3.524043212,-1.4972169830000002,3.113515309,2.3025850930000002,7.60090246,0.0,1.03936937,5.298317367,-0.09200102
0.2,15,0.04,-3.3991993789999997,-1.3909451590000002,3.113515309,2.3025850930000002,6.907755279,0.0,0.633904262,4.6051701860000005,1.017604
0.1,15,0.04,-5.210306489,-2.978993158,2.420368129,2.3025850930000002,8.517193191,-1.609437912,1.732516551,6.214608097999999,-1.6557487
0.2,10,0.04,-4.884884089,-3.023884865,2.3025850930000002,2.3025850930000002,8.517193191,-1.609437912,1.732516551,6.214608097999999,-1.5793406
0.5,10,0.04,-3.891240466,-2.195705731,3.218875825,2.3025850930000002,6.907755279,-1.609437912,0.633904262,4.6051701860000005,-1.5812324
0.2,15,0.04,-4.230851807,-2.15254571,3.113515309,2.3025850930000002,7.60090246,-2.3025850930000002,1.03936937,5.298317367,-2.2483065
0.5,10,0.04,-3.597942459,-1.9139542219999999,3.218875825,2.3025850930000002,6.907755279,-2.3025850930000002,0.633904262,4.6051701860000005,-2.2179055
0.5,15,0.04,-3.520656822,-1.4647489969999998,4.0298060410000005,2.3025850930000002,6.907755279,-1.609437912,0.633904262,4.6051701860000005,-1.6419368
0.2,20,0.04,-4.947660495,-2.555466463,3.688879454,3.218875825,7.824046011,-1.609437912,1.5501949940000002,4.6051701860000005,-1.629477
0.2,15,0.04,-5.014643315,-2.803130407,3.113515309,3.218875825,8.517193191,-2.3025850930000002,1.955660102,5.298317367,-2.2966847
0.5,20,0.04,-4.147745339,-1.790456319,4.6051701860000005,3.218875825,7.824046011,-1.609437912,1.5501949940000002,4.6051701860000005,-1.6425283
0.5,10,0.04,-4.530062714,-2.726132709,3.218875825,3.218875825,8.517193191,-2.3025850930000002,1.955660102,5.298317367,-2.2706318
0.5,15,0.04,-4.390058806,-2.27789248,4.0298060410000005,3.218875825,7.824046011,-1.609437912,1.5501949940000002,4.6051701860000005,-1.615812
0.5,10,0.04,-4.688551795,-2.8481401969999998,3.218875825,3.218875825,7.824046011,-1.609437912,1.5501949940000002,4.6051701860000005,-1.6572531
0.2,15,0.04,-5.014643315,-2.803130407,3.113515309,3.218875825,8.517193191,-2.3025850930000002,1.955660102,5.298317367,-2.2497633
0.2,20,0.04,-4.108037888999999,-1.750609848,3.688879454,3.218875825,8.517193191,0.0,1.955660102,5.298317367,-0.036117975
0.5,15,0.04,-4.401413348,-2.2657518430000003,4.0298060410000005,3.218875825,9.433483922999999,-2.3025850930000002,2.648807283,6.214608097999999,-2.2726538
0.2,20,0.04,-4.947660495,-2.555466463,3.688879454,3.218875825,7.824046011,-1.609437912,1.5501949940000002,4.6051701860000005,-1.5773578
0.2,15,0.04,-4.876978909,-2.7118775160000004,3.113515309,3.218875825,7.824046011,-2.3025850930000002,1.5501949940000002,4.6051701860000005,-2.2287762
0.1,20,0.04,-3.91904762,-1.688307975,2.995732274,2.3025850930000002,7.60090246,0.0,1.03936937,5.298317367,-0.070495784
0.2,15,0.04,-4.294748627,-2.194125385,3.113515309,3.218875825,8.517193191,0.0,1.955660102,5.298317367,-0.12117785
0.2,10,0.04,-3.695300022,-2.02286463,2.3025850930000002,2.3025850930000002,6.907755279,0.0,0.633904262,4.6051701860000005,-0.0069704675
0.1,5,0.04,-2.7063516439999997,-1.8157735119999998,0.22314355100000002,0.0,4.6051701860000005,0.0,-1.6686808309999999,4.6051701860000005,-0.007659378
0.5,10,0.04,-2.353457423,-0.728923592,3.218875825,1.609437912,6.907755279,0.0,0.34622219,5.298317367,-0.045767132
0.5,5,0.04,-2.786444269,-1.7809144890000002,1.832581464,1.609437912,6.214608097999999,0.0,-0.059242918,4.6051701860000005,-0.029962363
0.2,20,0.04,-4.198372633,-1.852121126,3.688879454,3.218875825,9.433483922999999,0.0,2.648807283,6.214608097999999,-0.16730875
0.5,10,0.04,-2.353457423,-0.728923592,3.218875825,1.609437912,6.907755279,0.0,0.34622219,5.298317367,-0.009959879
0.1,5,0.04,-2.8271716319999998,-1.9139542219999999,0.22314355100000002,0.0,5.298317367,0.0,-1.263215723,5.298317367,-0.073528945
0.1,10,0.04,-3.658156281,-2.040651691,1.609437912,1.609437912,6.214608097999999,0.0,-0.059242918,4.6051701860000005,1.0299062
0.2,10,0.04,-3.077810385,-1.4659438130000002,2.3025850930000002,1.609437912,6.214608097999999,0.0,-0.059242918,4.6051701860000005,-0.091074646
0.1,15,0.04,-4.190415031000001,-2.155131072,2.420368129,1.609437912,6.907755279,-2.3025850930000002,0.34622219,5.298317367,-2.272105
0.5,20,0.08,-3.654284809,-1.4118337319999998,4.6051701860000005,1.609437912,6.907755279,-2.3025850930000002,1.03936937,5.298317367,-2.2609222
0.5,20,0.08,-4.385231766,-2.00556674,4.6051701860000005,2.3025850930000002,8.517193191,-2.3025850930000002,2.4256637309999998,6.214608097999999,-2.2094607
0.1,20,0.04,-3.986746552,-1.760051522,2.995732274,1.609437912,6.907755279,-2.3025850930000002,0.34622219,5.298317367,-2.268344
0.1,20,0.04,-3.8022721410000004,-1.618337396,2.995732274,1.609437912,6.214608097999999,-2.3025850930000002,-0.059242918,4.6051701860000005,-2.2727304
0.1,15,0.08,-3.6698614480000002,-2.002954687,2.420368129,0.0,6.214608097999999,-2.3025850930000002,0.123078638,6.214608097999999,-2.2319872
0.1,15,0.04,-4.190415031000001,-2.155131072,2.420368129,1.609437912,6.907755279,-2.3025850930000002,0.34622219,5.298317367,-2.2594895
0.1,15,0.04,-4.022954566,-2.028626762,2.420368129,1.609437912,6.214608097999999,-2.3025850930000002,-0.059242918,4.6051701860000005,-2.2361562
0.5,10,0.08,-2.75986995,-1.25650195,3.218875825,0.0,5.298317367,-2.3025850930000002,-0.570068542,5.298317367,-2.246403
0.5,10,0.04,-4.530062714,-2.726132709,3.218875825,3.218875825,8.517193191,-2.3025850930000002,1.955660102,5.298317367,-2.2515652
0.2,20,0.08,-4.195713057,-1.9920462380000001,3.688879454,1.609437912,6.214608097999999,-2.3025850930000002,0.633904262,4.6051701860000005,-2.3172162
0.1,10,0.04,-3.135914304,-1.6566343469999998,1.609437912,0.0,4.6051701860000005,-1.609437912,-1.6686808309999999,4.6051701860000005,-1.630406
0.1,5,0.04,-3.755019257,-2.7298664539999997,0.22314355100000002,0.0,4.6051701860000005,-1.609437912,-1.6686808309999999,4.6051701860000005,-1.6340888
0.2,10,0.04,-4.884884089,-3.023884865,2.3025850930000002,2.3025850930000002,8.517193191,-1.609437912,1.732516551,6.214608097999999,-1.6016649
0.2,10,0.04,-2.997333555,-1.3994039169999999,2.3025850930000002,0.0,6.214608097999999,-1.609437912,-0.570068542,6.214608097999999,-1.5301865
0.1,15,0.04,-5.132802928,-2.907355163,2.420368129,2.3025850930000002,7.60090246,-1.609437912,1.03936937,5.298317367,-1.5864719
0.2,10,0.04,-4.054739308,-2.379595735,2.3025850930000002,1.609437912,6.214608097999999,-1.609437912,-0.059242918,4.6051701860000005,-1.6746001
0.1,5,0.04,-3.9633163000000002,-2.840507885,0.22314355100000002,0.0,5.298317367,-1.609437912,-1.263215723,5.298317367,-1.60234
0.2,20,0.08,-4.5208290380000005,-2.197288579,3.688879454,1.609437912,6.214608097999999,-1.609437912,0.633904262,4.6051701860000005,-1.6001849
0.1,15,0.08,-4.00743319,-2.218685218,2.420368129,0.0,6.214608097999999,-1.609437912,0.123078638,6.214608097999999,-1.6421683
0.5,20,0.08,-4.71721969,-2.240925713,4.6051701860000005,2.3025850930000002,8.517193191,-1.609437912,2.4256637309999998,6.214608097999999,-1.5905154
0.5,20,0.08,-3.780117935,-1.551319959,4.6051701860000005,1.609437912,6.214608097999999,-1.609437912,0.633904262,4.6051701860000005,-1.6647309
0.2,5,0.04,-2.772588722,-1.829261979,0.916290732,0.0,4.6051701860000005,-2.3025850930000002,-1.6686808309999999,4.6051701860000005,-2.2400324
0.2,10,0.04,-2.502989157,-0.9963301059999999,2.3025850930000002,0.0,4.6051701860000005,-1.609437912,-1.6686808309999999,4.6051701860000005,-1.6442916
0.2,10,0.04,-2.502989157,-0.9963301059999999,2.3025850930000002,0.0,4.6051701860000005,-1.609437912,-1.6686808309999999,4.6051701860000005,-1.6442916
0.5,5,0.04,-1.7610750869999998,-0.817377958,1.832581464,0.0,4.6051701860000005,-2.3025850930000002,-1.6686808309999999,4.6051701860000005,-2.305137
0.1,10,0.04,-3.135914304,-1.6566343469999998,1.609437912,0.0,4.6051701860000005,-1.609437912,-1.6686808309999999,4.6051701860000005,-1.6740339
0.2,10,0.04,-2.23792158,-0.779934583,2.3025850930000002,0.0,4.6051701860000005,-2.3025850930000002,-1.6686808309999999,4.6051701860000005,-2.2749753
0.2,10,0.04,-2.23792158,-0.779934583,2.3025850930000002,0.0,4.6051701860000005,-2.3025850930000002,-1.6686808309999999,4.6051701860000005,-2.23788
0.1,5,0.04,-3.4088264089999996,-2.445993676,0.22314355100000002,0.0,4.6051701860000005,-2.3025850930000002,-1.6686808309999999,4.6051701860000005,-2.2622912
0.1,5,0.04,-2.7063516439999997,-1.8157735119999998,0.22314355100000002,0.0,4.6051701860000005,0.0,-1.6686808309999999,4.6051701860000005,-0.037679378
0.1,5,0.04,-2.7063516439999997,-1.8157735119999998,0.22314355100000002,0.0,4.6051701860000005,0.0,-1.6686808309999999,4.6051701860000005,-0.026976885
0.5,5,0.04,-1.7610750869999998,-0.817377958,1.832581464,0.0,4.6051701860000005,-2.3025850930000002,-1.6686808309999999,4.6051701860000005,-2.2852864
0.5,10,0.04,-2.904430115,-1.259443232,3.218875825,1.609437912,6.214608097999999,-2.3025850930000002,-0.059242918,4.6051701860000005,-2.221861
0.1,10,0.04,-3.658156281,-2.040651691,1.609437912,1.609437912,6.214608097999999,0.0,-0.059242918,4.6051701860000005,-0.043110672
0.5,5,0.04,-3.772261063,-2.692550938,1.832581464,1.609437912,6.214608097999999,-1.609437912,-0.059242918,4.6051701860000005,-1.6362014
0.5,5,0.04,-2.786444269,-1.7809144890000002,1.832581464,1.609437912,6.214608097999999,0.0,-0.059242918,4.6051701860000005,-0.009849849
0.5,10,0.04,-2.904430115,-1.259443232,3.218875825,1.609437912,6.214608097999999,-2.3025850930000002,-0.059242918,4.6051701860000005,-2.2596986
0.5,10,0.04,-2.904430115,-1.259443232,3.218875825,1.609437912,6.214608097999999,-2.3025850930000002,-0.059242918,4.6051701860000005,-2.258943
0.5,5,0.04,-2.786444269,-1.7809144890000002,1.832581464,1.609437912,6.214608097999999,0.0,-0.059242918,4.6051701860000005,-0.04803068
0.2,15,0.04,-3.402197882,-1.417661197,3.113515309,1.609437912,6.214608097999999,-2.3025850930000002,-0.059242918,4.6051701860000005,-2.262301
0.2,20,0.04,-3.186408635,-0.9921679609999999,3.688879454,1.609437912,6.214608097999999,-2.3025850930000002,-0.059242918,4.6051701860000005,-2.229946
0.1,10,0.04,-3.658156281,-2.040651691,1.609437912,1.609437912,6.214608097999999,0.0,-0.059242918,4.6051701860000005,-0.03556401
0.5,5,0.04,-3.48675527,-2.442215044,1.832581464,1.609437912,6.214608097999999,-2.3025850930000002,-0.059242918,4.6051701860000005,-2.2247841
0.5,10,0.04,-3.597942459,-1.9139542219999999,3.218875825,2.3025850930000002,6.907755279,-2.3025850930000002,0.633904262,4.6051701860000005,-2.2542148
0.2,10,0.04,-4.377238118,-2.641813123,2.3025850930000002,2.3025850930000002,6.907755279,-2.3025850930000002,0.633904262,4.6051701860000005,-2.238954
0.1,20,0.04,-4.411249493,-2.1164707380000003,2.995732274,2.3025850930000002,6.907755279,-2.3025850930000002,0.633904262,4.6051701860000005,-2.2874887
0.2,10,0.04,-4.377238118,-2.641813123,2.3025850930000002,2.3025850930000002,6.907755279,-2.3025850930000002,0.633904262,4.6051701860000005,-2.2430885
0.5,20,0.08,-3.780117935,-1.551319959,4.6051701860000005,1.609437912,6.214608097999999,-1.609437912,0.633904262,4.6051701860000005,-1.6067321
0.2,15,0.04,-4.052435159,-2.000201618,3.113515309,2.3025850930000002,6.907755279,-2.3025850930000002,0.633904262,4.6051701860000005,-2.2904994
0.5,15,0.04,-3.520656822,-1.4647489969999998,4.0298060410000005,2.3025850930000002,6.907755279,-1.609437912,0.633904262,4.6051701860000005,-1.6089003
0.5,10,0.04,-3.891240466,-2.195705731,3.218875825,2.3025850930000002,6.907755279,-1.609437912,0.633904262,4.6051701860000005,-1.650983
0.2,10,0.04,-4.706096105,-2.869416854,2.3025850930000002,2.3025850930000002,6.907755279,-1.609437912,0.633904262,4.6051701860000005,-1.6503303
0.2,20,0.04,-3.814896295,-1.5248945790000001,3.688879454,2.3025850930000002,6.907755279,-2.3025850930000002,0.633904262,4.6051701860000005,-2.1034153
0.2,15,0.04,-3.3991993789999997,-1.3909451590000002,3.113515309,2.3025850930000002,6.907755279,0.0,0.633904262,4.6051701860000005,1.0423437
0.5,20,0.08,-3.4731231210000004,-1.2612347529999999,4.6051701860000005,2.3025850930000002,6.907755279,0.0,1.327051443,4.6051701860000005,-0.0035482072
0.5,20,0.08,-3.4731231210000004,-1.2612347529999999,4.6051701860000005,2.3025850930000002,6.907755279,0.0,1.327051443,4.6051701860000005,1.0000108
0.5,20,0.08,-3.4731231210000004,-1.2612347529999999,4.6051701860000005,2.3025850930000002,6.907755279,0.0,1.327051443,4.6051701860000005,-0.0027647638
0.5,20,0.08,-4.105607755,-1.793456909,4.6051701860000005,2.3025850930000002,6.907755279,-2.3025850930000002,1.327051443,4.6051701860000005,-2.2417457
0.5,20,0.08,-3.4731231210000004,-1.2612347529999999,4.6051701860000005,2.3025850930000002,6.907755279,0.0,1.327051443,4.6051701860000005,1.0006247
0.5,20,0.08,-3.4731231210000004,-1.2612347529999999,4.6051701860000005,2.3025850930000002,6.907755279,0.0,1.327051443,4.6051701860000005,1.0006247
0.5,20,0.08,-3.4731231210000004,-1.2612347529999999,4.6051701860000005,2.3025850930000002,6.907755279,0.0,1.327051443,4.6051701860000005,1.0006247
0.5,20,0.08,-4.472389075,-2.067797596,4.6051701860000005,2.3025850930000002,6.907755279,-1.609437912,1.327051443,4.6051701860000005,-1.640724
0.5,20,0.08,-3.4731231210000004,-1.2612347529999999,4.6051701860000005,2.3025850930000002,6.907755279,0.0,1.327051443,4.6051701860000005,1.0065929
0.5,20,0.08,-4.105607755,-1.793456909,4.6051701860000005,2.3025850930000002,6.907755279,-2.3025850930000002,1.327051443,4.6051701860000005,-2.2664049
0.5,20,0.08,-3.4731231210000004,-1.2612347529999999,4.6051701860000005,2.3025850930000002,6.907755279,0.0,1.327051443,4.6051701860000005,-0.054670874
0.2,15,0.04,-5.163786474,-2.9187712319999997,3.113515309,3.218875825,7.824046011,-1.609437912,1.5501949940000002,4.6051701860000005,-1.5820917
0.2,15,0.04,-4.876978909,-2.7118775160000004,3.113515309,3.218875825,7.824046011,-2.3025850930000002,1.5501949940000002,4.6051701860000005,-2.2999494
0.5,15,0.04,-3.419157707,-1.350433131,4.0298060410000005,3.218875825,7.824046011,0.0,1.5501949940000002,4.6051701860000005,-0.13586992
0.2,15,0.04,-4.876978909,-2.7118775160000004,3.113515309,3.218875825,7.824046011,-2.3025850930000002,1.5501949940000002,4.6051701860000005,-2.288512
0.5,15,0.04,-3.419157707,-1.350433131,4.0298060410000005,3.218875825,7.824046011,0.0,1.5501949940000002,4.6051701860000005,-0.10896391
0.5,15,0.04,-3.419157707,-1.350433131,4.0298060410000005,3.218875825,7.824046011,0.0,1.5501949940000002,4.6051701860000005,-0.13872772
0.5,20,0.04,-3.8490482060000004,-1.4991316469999998,4.6051701860000005,3.218875825,7.824046011,-2.3025850930000002,1.5501949940000002,4.6051701860000005,-2.2722542
0.2,20,0.04,-4.947660495,-2.555466463,3.688879454,3.218875825,7.824046011,-1.609437912,1.5501949940000002,4.6051701860000005,-1.670283
0.5,15,0.04,-4.390058806,-2.27789248,4.0298060410000005,3.218875825,7.824046011,-1.609437912,1.5501949940000002,4.6051701860000005,-1.6223919
0.5,15,0.04,-4.390058806,-2.27789248,4.0298060410000005,3.218875825,7.824046011,-1.609437912,1.5501949940000002,4.6051701860000005,-1.5872914
0.2,20,0.04,-4.947660495,-2.555466463,3.688879454,3.218875825,7.824046011,-1.609437912,1.5501949940000002,4.6051701860000005,-1.6436453
0.1,5,0.04,-3.590664407,-2.569941799,0.22314355100000002,0.0,5.298317367,-2.3025850930000002,-1.263215723,5.298317367,-2.2465367
0.2,10,0.04,-2.7485597439999996,-1.196692702,2.3025850930000002,0.0,5.298317367,-1.609437912,-1.263215723,5.298317367,-1.653257
0.2,5,0.04,-2.187650555,-1.271809202,0.916290732,0.0,5.298317367,0.0,-1.263215723,5.298317367,-0.060009304
0.5,5,0.04,-2.0396056330000003,-1.081472026,1.832581464,0.0,5.298317367,-2.3025850930000002,-1.263215723,5.298317367,-2.2493494
0.1,10,0.04,-3.0804190819999997,-1.583789659,1.609437912,0.0,5.298317367,-2.3025850930000002,-1.263215723,5.298317367,-2.2543736
0.1,5,0.04,-3.9633163000000002,-2.840507885,0.22314355100000002,0.0,5.298317367,-1.609437912,-1.263215723,5.298317367,-1.6074431
0.1,10,0.04,-3.3761146010000003,-1.830758127,1.609437912,0.0,5.298317367,-1.609437912,-1.263215723,5.298317367,-1.63168
0.2,5,0.04,-2.9592074989999997,-1.9884461119999999,0.916290732,0.0,5.298317367,-2.3025850930000002,-1.263215723,5.298317367,-2.271329
0.2,10,0.04,-2.7485597439999996,-1.196692702,2.3025850930000002,0.0,5.298317367,-1.609437912,-1.263215723,5.298317367,-1.6512796
0.1,5,0.04,-3.590664407,-2.569941799,0.22314355100000002,0.0,5.298317367,-2.3025850930000002,-1.263215723,5.298317367,-2.273774
0.1,10,0.04,-3.3761146010000003,-1.830758127,1.609437912,0.0,5.298317367,-1.609437912,-1.263215723,5.298317367,-1.6234514
0.1,20,0.04,-3.986746552,-1.760051522,2.995732274,1.609437912,6.907755279,-2.3025850930000002,0.34622219,5.298317367,-2.240147
0.1,20,0.04,-4.300630996000001,-2.015033029,2.995732274,1.609437912,6.907755279,-1.609437912,0.34622219,5.298317367,-1.599383
0.1,15,0.04,-4.5116798430000005,-2.449740298,2.420368129,1.609437912,6.907755279,-1.609437912,0.34622219,5.298317367,-1.6365784
0.2,15,0.04,-3.606746625,-1.58701128,3.113515309,1.609437912,6.907755279,-2.3025850930000002,0.34622219,5.298317367,-2.2937648
0.5,5,0.04,-2.894259305,-1.879856526,1.832581464,1.609437912,6.907755279,0.0,0.34622219,5.298317367,-0.024007143
0.1,10,0.04,-4.495419322,-2.7453160260000002,1.609437912,1.609437912,6.907755279,-2.3025850930000002,0.34622219,5.298317367,-2.299488
0.2,10,0.04,-3.207441447,-1.570140279,2.3025850930000002,1.609437912,6.907755279,0.0,0.34622219,5.298317367,-0.0012406731
0.2,10,0.04,-3.917035547,-2.237659147,2.3025850930000002,1.609437912,6.907755279,-2.3025850930000002,0.34622219,5.298317367,-2.2607017
0.5,5,0.04,-3.610438028,-2.558148536,1.832581464,1.609437912,6.907755279,-2.3025850930000002,0.34622219,5.298317367,-2.2588184
0.5,10,0.04,-2.353457423,-0.728923592,3.218875825,1.609437912,6.907755279,0.0,0.34622219,5.298317367,1.0000556
0.5,5,0.04,-3.942482213,-2.813744106,1.832581464,1.609437912,6.907755279,-1.609437912,0.34622219,5.298317367,-1.5648953
0.5,15,0.04,-3.4345473610000004,-1.37267552,4.0298060410000005,2.3025850930000002,7.60090246,-2.3025850930000002,1.03936937,5.298317367,-2.2090805
0.1,20,0.04,-3.91904762,-1.688307975,2.995732274,2.3025850930000002,7.60090246,0.0,1.03936937,5.298317367,-0.07950741
0.5,20,0.04,-3.172469452,-0.861206134,4.6051701860000005,2.3025850930000002,7.60090246,-2.3025850930000002,1.03936937,5.298317367,-2.253738
0.5,15,0.04,-2.697703909,-0.673697557,4.0298060410000005,2.3025850930000002,7.60090246,0.0,1.03936937,5.298317367,-0.0024035596
0.2,20,0.08,-4.297685486000001,-2.05635021,3.688879454,1.609437912,6.907755279,-2.3025850930000002,1.03936937,5.298317367,-2.274392
0.5,10,0.04,-3.302257434,-1.6185997540000001,3.218875825,1.609437912,7.824046011,-2.3025850930000002,1.03936937,6.214608097999999,-2.194749
0.2,10,0.04,-3.79423997,-2.115972755,2.3025850930000002,2.3025850930000002,7.60090246,0.0,1.03936937,5.298317367,-0.22490638
0.5,10,0.04,-3.031152219,-1.355881555,3.218875825,2.3025850930000002,7.60090246,0.0,1.03936937,5.298317367,-0.09407729
0.1,15,0.04,-4.08162579,-2.048004892,2.420368129,2.3025850930000002,7.60090246,0.0,1.03936937,5.298317367,-0.024623575
0.1,15,0.04,-4.336670933,-2.2771512919999997,2.420368129,1.609437912,7.824046011,-2.3025850930000002,1.03936937,6.214608097999999,-2.2576346
0.5,15,0.08,-3.8584822389999998,-1.8165112840000002,4.0298060410000005,1.609437912,6.907755279,-2.3025850930000002,1.03936937,5.298317367,-2.289762
0.5,10,0.04,-4.530062714,-2.726132709,3.218875825,3.218875825,8.517193191,-2.3025850930000002,1.955660102,5.298317367,-2.2670734
0.5,10,0.04,-4.815891217,-2.9433675530000003,3.218875825,3.218875825,8.517193191,-1.609437912,1.955660102,5.298317367,-1.5820715
0.5,10,0.04,-4.815891217,-2.9433675530000003,3.218875825,3.218875825,8.517193191,-1.609437912,1.955660102,5.298317367,-1.6012216
0.2,15,0.04,-5.014643315,-2.803130407,3.113515309,3.218875825,8.517193191,-2.3025850930000002,1.955660102,5.298317367,-2.2686753
0.5,20,0.04,-3.310443018,-0.973358562,4.6051701860000005,3.218875825,8.517193191,0.0,1.955660102,5.298317367,-0.08746189
0.2,15,0.04,-4.294748627,-2.194125385,3.113515309,3.218875825,8.517193191,0.0,1.955660102,5.298317367,-0.08893329
0.2,15,0.04,-5.259096653,-2.99990095,3.113515309,3.218875825,8.517193191,-1.609437912,1.955660102,5.298317367,-1.6996747
0.2,15,0.04,-4.294748627,-2.194125385,3.113515309,3.218875825,8.517193191,0.0,1.955660102,5.298317367,-0.06389278
0.5,20,0.04,-4.37088889,-1.987453237,4.6051701860000005,3.218875825,8.517193191,-1.609437912,1.955660102,5.298317367,-1.6487706
0.5,15,0.04,-4.260163047,-2.146573289,4.0298060410000005,3.218875825,8.517193191,-2.3025850930000002,1.955660102,5.298317367,-2.229871
0.5,10,0.04,-3.8249282989999998,-2.114182066,3.218875825,3.218875825,8.517193191,0.0,1.955660102,5.298317367,-0.1592198
0.2,10,0.04,-2.997333555,-1.3994039169999999,2.3025850930000002,0.0,6.214608097999999,-1.609437912,-0.570068542,6.214608097999999,-1.5394593
0.2,10,0.08,-3.3790445769999997,-1.923272329,2.3025850930000002,0.0,5.298317367,-2.3025850930000002,-0.570068542,5.298317367,-2.2691305
0.2,10,0.04,-2.646202798,-1.0984243059999999,2.3025850930000002,0.0,6.214608097999999,-2.3025850930000002,-0.570068542,6.214608097999999,-2.242689
0.1,10,0.04,-3.249335032,-1.704584106,1.609437912,0.0,6.214608097999999,-2.3025850930000002,-0.570068542,6.214608097999999,-2.2046266
0.1,5,0.04,-4.054739308,-2.9178827380000003,0.22314355100000002,0.0,6.214608097999999,-1.609437912,-0.570068542,6.214608097999999,-1.6490167
0.5,5,0.04,-1.3293848670000001,-0.332690596,1.832581464,0.0,6.214608097999999,0.0,-0.570068542,6.214608097999999,-0.21301502
0.2,10,0.04,-2.997333555,-1.3994039169999999,2.3025850930000002,0.0,6.214608097999999,-1.609437912,-0.570068542,6.214608097999999,-1.5602441
0.2,5,0.04,-3.5092281260000004,-2.47879735,0.916290732,0.0,6.214608097999999,-1.609437912,-0.570068542,6.214608097999999,-1.7072719
0.1,15,0.08,-3.5439136839999996,-1.8920130480000001,2.420368129,0.0,5.298317367,-2.3025850930000002,-0.570068542,5.298317367,-2.162246
0.2,10,0.08,-3.3790445769999997,-1.923272329,2.3025850930000002,0.0,5.298317367,-2.3025850930000002,-0.570068542,5.298317367,-2.3149312
0.1,5,0.04,-4.054739308,-2.9178827380000003,0.22314355100000002,0.0,6.214608097999999,-1.609437912,-0.570068542,6.214608097999999,-1.6206634
0.5,20,0.08,-4.625372893,-2.162475385,4.6051701860000005,2.3025850930000002,7.60090246,-1.609437912,1.732516551,5.298317367,-1.6644537
0.2,15,0.04,-4.3724724219999995,-2.274347552,3.113515309,2.3025850930000002,8.517193191,-2.3025850930000002,1.732516551,6.214608097999999,-2.235967
0.2,20,0.08,-4.706096105,-2.339913198,3.688879454,1.609437912,7.824046011,-1.609437912,1.732516551,6.214608097999999,-1.6081996
0.2,20,0.04,-4.1720899110000005,-1.8262018569999998,3.688879454,2.3025850930000002,8.517193191,-2.3025850930000002,1.732516551,6.214608097999999,-2.1700613
0.2,15,0.04,-3.6260924660000002,-1.5869135019999998,3.113515309,2.3025850930000002,8.517193191,0.0,1.732516551,6.214608097999999,-0.078706086
0.2,20,0.08,-4.706096105,-2.339913198,3.688879454,1.609437912,7.824046011,-1.609437912,1.732516551,6.214608097999999,-1.5822746
0.5,20,0.08,-4.156645588,-1.8279422419999998,4.6051701860000005,1.609437912,7.824046011,-1.609437912,1.732516551,6.214608097999999,-1.6477368
0.2,15,0.04,-4.3724724219999995,-2.274347552,3.113515309,2.3025850930000002,8.517193191,-2.3025850930000002,1.732516551,6.214608097999999,-2.2443445
0.2,15,0.04,-3.6260924660000002,-1.5869135019999998,3.113515309,2.3025850930000002,8.517193191,0.0,1.732516551,6.214608097999999,-0.006468358
0.2,20,0.08,-3.624590964,-1.576390058,3.688879454,1.609437912,7.824046011,0.0,1.732516551,6.214608097999999,-0.060035292
0.5,20,0.08,-3.796910198,-1.527968531,4.6051701860000005,1.609437912,7.824046011,-2.3025850930000002,1.732516551,6.214608097999999,-2.3128753
0.5,20,0.08,-4.385231766,-2.00556674,4.6051701860000005,2.3025850930000002,8.517193191,-2.3025850930000002,2.4256637309999998,6.214608097999999,-2.3227468
0.5,20,0.08,-4.385231766,-2.00556674,4.6051701860000005,2.3025850930000002,8.517193191,-2.3025850930000002,2.4256637309999998,6.214608097999999,-2.3227468
0.5,20,0.08,-3.63212112,-1.3966841490000002,4.6051701860000005,2.3025850930000002,8.517193191,0.0,2.4256637309999998,6.214608097999999,-0.117782414
0.5,20,0.08,-4.71721969,-2.240925713,4.6051701860000005,2.3025850930000002,8.517193191,-1.609437912,2.4256637309999998,6.214608097999999,-1.6131945
0.5,20,0.08,-3.63212112,-1.3966841490000002,4.6051701860000005,2.3025850930000002,8.517193191,0.0,2.4256637309999998,6.214608097999999,-0.057346407
0.5,20,0.08,-3.63212112,-1.3966841490000002,4.6051701860000005,2.3025850930000002,8.517193191,0.0,2.4256637309999998,6.214608097999999,-0.040592853
0.5,20,0.08,-4.71721969,-2.240925713,4.6051701860000005,2.3025850930000002,8.517193191,-1.609437912,2.4256637309999998,6.214608097999999,-1.6141003
0.5,20,0.08,-4.385231766,-2.00556674,4.6051701860000005,2.3025850930000002,8.517193191,-2.3025850930000002,2.4256637309999998,6.214608097999999,-2.3071036
0.5,20,0.08,-4.71721969,-2.240925713,4.6051701860000005,2.3025850930000002,8.517193191,-1.609437912,2.4256637309999998,6.214608097999999,-1.5603358
0.5,20,0.08,-4.71721969,-2.240925713,4.6051701860000005,2.3025850930000002,8.517193191,-1.609437912,2.4256637309999998,6.214608097999999,-1.5612615
0.5,20,0.08,-3.63212112,-1.3966841490000002,4.6051701860000005,2.3025850930000002,8.517193191,0.0,2.4256637309999998,6.214608097999999,1.0039945
0.5,20,0.04,-4.554477072,-2.149006005,4.6051701860000005,3.218875825,9.433483922999999,-1.609437912,2.648807283,6.214608097999999,-1.607794
0.5,15,0.04,-4.723953722,-2.566602724,4.0298060410000005,3.218875825,9.433483922999999,-1.609437912,2.648807283,6.214608097999999,-1.6567491
0.5,10,0.04,-4.658570963,-2.8105481510000003,3.218875825,3.218875825,9.433483922999999,-2.3025850930000002,2.648807283,6.214608097999999,-2.253877
0.5,20,0.04,-4.554477072,-2.149006005,4.6051701860000005,3.218875825,9.433483922999999,-1.609437912,2.648807283,6.214608097999999,-1.5580174
0.5,15,0.04,-4.723953722,-2.566602724,4.0298060410000005,3.218875825,9.433483922999999,-1.609437912,2.648807283,6.214608097999999,-1.5688003
0.5,10,0.04,-4.658570963,-2.8105481510000003,3.218875825,3.218875825,9.433483922999999,-2.3025850930000002,2.648807283,6.214608097999999,-2.2901664
0.5,15,0.04,-4.723953722,-2.566602724,4.0298060410000005,3.218875825,9.433483922999999,-1.609437912,2.648807283,6.214608097999999,-1.6360065
0.5,15,0.04,-4.401413348,-2.2657518430000003,4.0298060410000005,3.218875825,9.433483922999999,-2.3025850930000002,2.648807283,6.214608097999999,-2.2136939
0.2,20,0.04,-4.958992061,-2.524679195,3.688879454,3.218875825,9.433483922999999,-2.3025850930000002,2.648807283,6.214608097999999,-2.2799363
0.5,15,0.04,-3.649658741,-1.559829036,4.0298060410000005,3.218875825,9.433483922999999,0.0,2.648807283,6.214608097999999,-0.14300042
0.5,20,0.04,-4.20908224,-1.8230767769999998,4.6051701860000005,3.218875825,9.433483922999999,-2.3025850930000002,2.648807283,6.214608097999999,-2.2634094
0.2,10,0.08,-3.243680944,-1.820554084,2.3025850930000002,0.0,4.6051701860000005,-2.3025850930000002,-0.97553365,4.6051701860000005,-2.2931178
0.5,10,0.08,-2.864002503,-1.3632343,3.218875825,0.0,4.6051701860000005,-1.609437912,-0.97553365,4.6051701860000005,-1.6610283
0.5,10,0.08,-2.596687733,-1.138734528,3.218875825,0.0,4.6051701860000005,-2.3025850930000002,-0.97553365,4.6051701860000005,-2.3043544
0.5,10,0.08,-2.596687733,-1.138734528,3.218875825,0.0,4.6051701860000005,-2.3025850930000002,-0.97553365,4.6051701860000005,-2.3043544
0.5,10,0.08,-2.596687733,-1.138734528,3.218875825,0.0,4.6051701860000005,-2.3025850930000002,-0.97553365,4.6051701860000005,-2.303395
0.2,10,0.08,-3.243680944,-1.820554084,2.3025850930000002,0.0,4.6051701860000005,-2.3025850930000002,-0.97553365,4.6051701860000005,-2.2994797
0.5,10,0.08,-2.596687733,-1.138734528,3.218875825,0.0,4.6051701860000005,-2.3025850930000002,-0.97553365,4.6051701860000005,-2.2812111
0.2,10,0.08,-3.243680944,-1.820554084,2.3025850930000002,0.0,4.6051701860000005,-2.3025850930000002,-0.97553365,4.6051701860000005,-2.2705984
0.2,10,0.08,-3.6045383060000002,-2.084639025,2.3025850930000002,0.0,4.6051701860000005,-1.609437912,-0.97553365,4.6051701860000005,-1.6238307
0.5,10,0.08,-2.596687733,-1.138734528,3.218875825,0.0,4.6051701860000005,-2.3025850930000002,-0.97553365,4.6051701860000005,-2.2440882
0.5,10,0.08,-2.596687733,-1.138734528,3.218875825,0.0,4.6051701860000005,-2.3025850930000002,-0.97553365,4.6051701860000005,-2.2711241
0.2,10,0.08,-3.507224786,-2.0066372759999997,2.3025850930000002,0.0,6.214608097999999,-2.3025850930000002,0.123078638,6.214608097999999,-2.317134
0.5,10,0.08,-3.2390785319999997,-1.642911969,3.218875825,0.0,6.214608097999999,-1.609437912,0.123078638,6.214608097999999,-1.5806599
0.1,20,0.08,-3.833211825,-1.902413973,2.995732274,0.0,6.214608097999999,-1.609437912,0.123078638,6.214608097999999,-1.5484531
0.5,10,0.08,-2.897879873,-1.3556953230000002,3.218875825,0.0,6.214608097999999,-2.3025850930000002,0.123078638,6.214608097999999,-2.2521746
0.2,15,0.08,-3.611918413,-1.782696661,3.113515309,0.0,6.214608097999999,-1.609437912,0.123078638,6.214608097999999,-1.5965422
0.2,15,0.08,-3.611918413,-1.782696661,3.113515309,0.0,6.214608097999999,-1.609437912,0.123078638,6.214608097999999,-1.5857786
0.1,15,0.08,-3.6698614480000002,-2.002954687,2.420368129,0.0,6.214608097999999,-2.3025850930000002,0.123078638,6.214608097999999,-2.236888
0.2,15,0.08,-3.611918413,-1.782696661,3.113515309,0.0,6.214608097999999,-1.609437912,0.123078638,6.214608097999999,-1.6246635
0.2,15,0.08,-3.611918413,-1.782696661,3.113515309,0.0,6.214608097999999,-1.609437912,0.123078638,6.214608097999999,-1.6246635
0.5,10,0.08,-3.2390785319999997,-1.642911969,3.218875825,0.0,6.214608097999999,-1.609437912,0.123078638,6.214608097999999,-1.603527
0.5,10,0.08,-3.2390785319999997,-1.642911969,3.218875825,0.0,6.214608097999999,-1.609437912,0.123078638,6.214608097999999,-1.6080674
0.2,5,0.04,-2.033168829,-1.14245133,0.916290732,0.0,4.6051701860000005,0.0,-1.6686808309999999,4.6051701860000005,-0.12535995
0.5,10,0.04,-2.200570168,-0.5928892610000001,3.218875825,1.609437912,6.214608097999999,0.0,-0.059242918,4.6051701860000005,-0.11619204
0.5,15,0.08,-3.08521944,-1.189570353,4.0298060410000005,1.609437912,6.214608097999999,0.0,0.633904262,4.6051701860000005,-0.23127347
0.1,15,0.04,-3.96121325,-1.958655021,2.420368129,2.3025850930000002,6.907755279,0.0,0.633904262,4.6051701860000005,-0.22718233
0.5,10,0.04,-2.898242652,-1.236564869,3.218875825,2.3025850930000002,6.907755279,0.0,0.633904262,4.6051701860000005,-0.084395826
0.5,15,0.04,-2.554900022,-0.540096534,4.0298060410000005,2.3025850930000002,6.907755279,0.0,0.633904262,4.6051701860000005,-0.08551556
0.1,10,0.04,-3.7661925569999997,-2.127993334,1.609437912,1.609437912,6.907755279,0.0,0.34622219,5.298317367,-0.044310156
0.1,5,0.04,-2.9099216169999997,-1.9923101719999998,0.22314355100000002,0.0,6.214608097999999,0.0,-0.570068542,6.214608097999999,-0.003975215
0.2,10,0.04,-3.3049785239999996,-1.657725203,2.3025850930000002,1.609437912,7.824046011,0.0,1.03936937,6.214608097999999,1.0287515
0.5,5,0.04,-2.967339199,-1.958995389,1.832581464,1.609437912,7.824046011,0.0,1.03936937,6.214608097999999,-0.0870927
0.5,15,0.04,-3.2289261610000004,-1.189399512,4.0298060410000005,2.3025850930000002,6.907755279,-2.3025850930000002,0.633904262,4.6051701860000005,-2.2648153
0.5,10,0.04,-4.399783356,-2.625714739,3.218875825,3.218875825,7.824046011,-2.3025850930000002,1.5501949940000002,4.6051701860000005,-2.2740505
0.5,15,0.04,-4.109255175,-2.010214031,4.0298060410000005,3.218875825,7.824046011,-2.3025850930000002,1.5501949940000002,4.6051701860000005,-2.272002
0.2,20,0.04,-3.392039444,-1.1507733279999999,3.688879454,1.609437912,6.907755279,-2.3025850930000002,0.34622219,5.298317367,-2.201023
0.5,10,0.04,-3.1172221710000003,-1.456682491,3.218875825,1.609437912,6.907755279,-2.3025850930000002,0.34622219,5.298317367,-2.189134
0.2,20,0.04,-4.008533906,-1.685304353,3.688879454,2.3025850930000002,7.60090246,-2.3025850930000002,1.03936937,5.298317367,-2.2217052
0.5,10,0.04,-3.7818723210000003,-2.072871174,3.218875825,2.3025850930000002,7.60090246,-2.3025850930000002,1.03936937,5.298317367,-2.1631303
0.2,5,0.04,-3.127208636,-2.1328423180000002,0.916290732,0.0,6.214608097999999,-2.3025850930000002,-0.570068542,6.214608097999999,-2.1866405
0.2,10,0.04,-4.072191758,-2.361910559,2.3025850930000002,1.609437912,7.824046011,-2.3025850930000002,1.03936937,6.214608097999999,-2.1510313
0.2,15,0.04,-3.7766183680000003,-1.729122755,3.113515309,1.609437912,7.824046011,-2.3025850930000002,1.03936937,6.214608097999999,-2.1642263
0.2,20,0.08,-4.398156017,-2.139582281,3.688879454,1.609437912,7.824046011,-2.3025850930000002,1.732516551,6.214608097999999,-2.2674484
0.1,15,0.04,-4.917144951,-2.76341493,2.420368129,2.3025850930000002,8.517193191,-2.3025850930000002,1.732516551,6.214608097999999,-2.237966
0.2,10,0.04,-4.64183417,-2.820301067,2.3025850930000002,2.3025850930000002,8.517193191,-2.3025850930000002,1.732516551,6.214608097999999,-2.2618515
0.5,10,0.04,-3.895165888,-2.18490873,3.218875825,2.3025850930000002,8.517193191,-2.3025850930000002,1.732516551,6.214608097999999,-2.2440162
0.5,15,0.04,-3.616372763,-1.5324583530000002,4.0298060410000005,2.3025850930000002,8.517193191,-2.3025850930000002,1.732516551,6.214608097999999,-2.1960886
0.5,20,0.04,-3.3813947539999996,-1.043703737,4.6051701860000005,2.3025850930000002,8.517193191,-2.3025850930000002,1.732516551,6.214608097999999,-2.2227874
0.1,10,0.04,-4.686380241,-2.8781270310000004,1.609437912,1.609437912,6.214608097999999,-1.609437912,-0.059242918,4.6051701860000005,-1.6052473
0.1,20,0.04,-4.0675079080000005,-1.838172062,2.995732274,1.609437912,6.214608097999999,-1.609437912,-0.059242918,4.6051701860000005,-1.6527095
0.2,20,0.04,-3.433307436,-1.203932805,3.688879454,1.609437912,6.214608097999999,-1.609437912,-0.059242918,4.6051701860000005,-1.6978003
0.5,10,0.04,-3.228421238,-1.56515312,3.218875825,1.609437912,6.214608097999999,-1.609437912,-0.059242918,4.6051701860000005,-1.6234884
0.5,20,0.04,-3.225397042,-0.909881316,4.6051701860000005,2.3025850930000002,6.907755279,-1.609437912,0.633904262,4.6051701860000005,-1.6938491
0.5,5,0.04,-2.442537053,-1.4708418669999999,1.832581464,0.0,5.298317367,-1.609437912,-1.263215723,5.298317367,-1.6601578
0.2,10,0.08,-3.7661925569999997,-2.159975036,2.3025850930000002,0.0,5.298317367,-1.609437912,-0.570068542,5.298317367,-1.6103022
0.2,15,0.08,-3.445776425,-1.671866661,3.113515309,0.0,5.298317367,-1.609437912,-0.570068542,5.298317367,-1.7097348
0.1,10,0.04,-4.781907363999999,-2.956973205,1.609437912,1.609437912,6.907755279,-1.609437912,0.34622219,5.298317367,-1.6646986
0.2,10,0.04,-4.250296864,-2.533005053,2.3025850930000002,1.609437912,6.907755279,-1.609437912,0.34622219,5.298317367,-1.7408867
0.2,15,0.04,-3.9301869760000003,-1.886298746,3.113515309,1.609437912,6.907755279,-1.609437912,0.34622219,5.298317367,-1.689195
0.2,20,0.04,-3.6944951930000003,-1.414134321,3.688879454,1.609437912,6.907755279,-1.609437912,0.34622219,5.298317367,-1.6222382
0.2,20,0.08,-4.611188258,-2.2622880359999997,3.688879454,1.609437912,6.907755279,-1.609437912,1.03936937,5.298317367,-1.5957869
0.5,15,0.08,-4.218548166000001,-2.091093159,4.0298060410000005,1.609437912,6.907755279,-1.609437912,1.03936937,5.298317367,-1.614857
0.5,20,0.08,-3.972835145,-1.679216807,4.6051701860000005,1.609437912,6.907755279,-1.609437912,1.03936937,5.298317367,-1.6690853
0.5,10,0.04,-4.09234656,-2.363057226,3.218875825,2.3025850930000002,7.60090246,-1.609437912,1.03936937,5.298317367,-1.6214068
0.5,15,0.04,-3.7766183680000003,-1.698990698,4.0298060410000005,2.3025850930000002,7.60090246,-1.609437912,1.03936937,5.298317367,-1.5725381
0.2,20,0.04,-5.092930537,-2.6733010090000002,3.688879454,3.218875825,8.517193191,-1.609437912,1.955660102,5.298317367,-1.5744632
0.5,15,0.04,-4.5873302680000005,-2.4396885719999997,4.0298060410000005,3.218875825,8.517193191,-1.609437912,1.955660102,5.298317367,-1.5901476
0.1,10,0.04,-3.580563311,-1.983404353,1.609437912,0.0,6.214608097999999,-1.609437912,-0.570068542,6.214608097999999,-1.5631607
0.2,10,0.08,-3.884407838,-2.2491580769999997,2.3025850930000002,0.0,6.214608097999999,-1.609437912,0.123078638,6.214608097999999,-1.6064183
0.1,15,0.04,-4.6950948939999995,-2.593793375,2.420368129,1.609437912,7.824046011,-1.609437912,1.03936937,6.214608097999999,-1.6482732
0.2,15,0.04,-4.135166557,-2.057194845,3.113515309,1.609437912,7.824046011,-1.609437912,1.03936937,6.214608097999999,-1.6075462
0.2,20,0.04,-3.918041078,-1.6053861319999998,3.688879454,1.609437912,7.824046011,-1.609437912,1.03936937,6.214608097999999,-1.6248989
0.5,5,0.04,-4.08399827,-2.905233651,1.832581464,1.609437912,7.824046011,-1.609437912,1.03936937,6.214608097999999,-1.5371704
0.5,10,0.04,-4.240527072,-2.493648751,3.218875825,2.3025850930000002,8.517193191,-1.609437912,1.732516551,6.214608097999999,-1.6555285
0.5,15,0.04,-3.969652118,-1.8773173580000002,4.0298060410000005,2.3025850930000002,8.517193191,-1.609437912,1.732516551,6.214608097999999,-1.6238366
0.5,20,0.04,-3.742280231,-1.390157815,4.6051701860000005,2.3025850930000002,8.517193191,-1.609437912,1.732516551,6.214608097999999,-1.6448102
0.2,15,0.04,-5.339139361,-3.070886947,3.113515309,3.218875825,9.433483922999999,-1.609437912,2.648807283,6.214608097999999,-1.6258975
0.5,10,0.04,-4.898199865,-3.016261565,3.218875825,3.218875825,9.433483922999999,-1.609437912,2.648807283,6.214608097999999,-1.6063229
