m,v,d,tt,tp,ike,cu,e,lambda,AB,e/cu,AB_pred
0.2,10,0.04,-2.502989157,-0.9963301059999999,2.3025850930000002,0.0,4.6051701860000005,-1.609437912,-1.6686808309999999,4.6051701860000005,0.18772997
0.1,5,0.04,-2.7063516439999997,-1.8157735119999998,0.22314355100000002,0.0,4.6051701860000005,0.0,-1.6686808309999999,4.6051701860000005,0.1877788
0.5,10,0.08,-2.864002503,-1.3632343,3.218875825,0.0,4.6051701860000005,-1.609437912,-0.97553365,4.6051701860000005,0.37861264
0.5,10,0.08,-2.596687733,-1.138734528,3.218875825,0.0,4.6051701860000005,-2.3025850930000002,-0.97553365,4.6051701860000005,0.3829154
0.1,10,0.04,-2.873160721,-1.4432118630000002,1.609437912,0.0,4.6051701860000005,-2.3025850930000002,-1.6686808309999999,4.6051701860000005,0.19131534
0.2,10,0.08,-3.243680944,-1.820554084,2.3025850930000002,0.0,4.6051701860000005,-2.3025850930000002,-0.97553365,4.6051701860000005,0.37594643
0.5,10,0.08,-2.864002503,-1.3632343,3.218875825,0.0,4.6051701860000005,-1.609437912,-0.97553365,4.6051701860000005,0.3849699
0.5,5,0.04,-1.7610750869999998,-0.817377958,1.832581464,0.0,4.6051701860000005,-2.3025850930000002,-1.6686808309999999,4.6051701860000005,0.19552352
0.5,10,0.08,-2.596687733,-1.138734528,3.218875825,0.0,4.6051701860000005,-2.3025850930000002,-0.97553365,4.6051701860000005,0.37517726
0.2,10,0.04,-2.23792158,-0.779934583,2.3025850930000002,0.0,4.6051701860000005,-2.3025850930000002,-1.6686808309999999,4.6051701860000005,0.18930067
0.5,10,0.08,-2.864002503,-1.3632343,3.218875825,0.0,4.6051701860000005,-1.609437912,-0.97553365,4.6051701860000005,0.38329583
0.2,5,0.04,-2.316481198,-1.3839131980000001,0.916290732,0.0,6.214608097999999,0.0,-0.570068542,6.214608097999999,0.55632085
0.5,5,0.04,-2.786444269,-1.7809144890000002,1.832581464,1.609437912,6.214608097999999,0.0,-0.059242918,4.6051701860000005,0.94728106
0.2,20,0.08,-4.5208290380000005,-2.197288579,3.688879454,1.609437912,6.214608097999999,-1.609437912,0.633904262,4.6051701860000005,1.9353093
0.5,10,0.08,-2.897879873,-1.3556953230000002,3.218875825,0.0,6.214608097999999,-2.3025850930000002,0.123078638,6.214608097999999,1.1143882
0.5,5,0.04,-3.48675527,-2.442215044,1.832581464,1.609437912,6.214608097999999,-2.3025850930000002,-0.059242918,4.6051701860000005,0.9552592
0.2,10,0.04,-3.7567301210000004,-2.093102428,2.3025850930000002,1.609437912,6.214608097999999,-2.3025850930000002,-0.059242918,4.6051701860000005,0.995637
0.2,15,0.04,-3.6840909369999997,-1.6744245340000001,3.113515309,1.609437912,6.214608097999999,-1.609437912,-0.059242918,4.6051701860000005,0.95564455
0.1,5,0.04,-4.054739308,-2.9178827380000003,0.22314355100000002,0.0,6.214608097999999,-1.609437912,-0.570068542,6.214608097999999,0.55522865
0.2,20,0.04,-3.186408635,-0.9921679609999999,3.688879454,1.609437912,6.214608097999999,-2.3025850930000002,-0.059242918,4.6051701860000005,0.9618356
0.5,15,0.08,-3.702572781,-1.7012462309999998,4.0298060410000005,1.609437912,6.214608097999999,-2.3025850930000002,0.633904262,4.6051701860000005,1.8993591
0.5,20,0.08,-3.50789212,-1.3203568190000001,4.6051701860000005,1.609437912,6.214608097999999,-2.3025850930000002,0.633904262,4.6051701860000005,1.8974689
0.2,10,0.04,-3.917035547,-2.237659147,2.3025850930000002,1.609437912,6.907755279,-2.3025850930000002,0.34622219,5.298317367,1.4113462
0.5,5,0.04,-3.942482213,-2.813744106,1.832581464,1.609437912,6.907755279,-1.609437912,0.34622219,5.298317367,1.4145234
0.1,15,0.04,-5.035953102,-2.825415824,2.420368129,2.3025850930000002,6.907755279,-1.609437912,0.633904262,4.6051701860000005,1.9089983
0.2,15,0.04,-4.052435159,-2.000201618,3.113515309,2.3025850930000002,6.907755279,-2.3025850930000002,0.633904262,4.6051701860000005,1.856832
0.5,15,0.08,-3.8584822389999998,-1.8165112840000002,4.0298060410000005,1.609437912,6.907755279,-2.3025850930000002,1.03936937,5.298317367,2.8322918
0.2,20,0.08,-4.297685486000001,-2.05635021,3.688879454,1.609437912,6.907755279,-2.3025850930000002,1.03936937,5.298317367,2.8424206
0.1,20,0.04,-3.986746552,-1.760051522,2.995732274,1.609437912,6.907755279,-2.3025850930000002,0.34622219,5.298317367,1.411987
0.5,10,0.04,-3.597942459,-1.9139542219999999,3.218875825,2.3025850930000002,6.907755279,-2.3025850930000002,0.633904262,4.6051701860000005,1.8829671
0.5,10,0.04,-3.464776363,-1.787942762,3.218875825,1.609437912,6.907755279,-1.609437912,0.34622219,5.298317367,1.4234941
0.5,20,0.04,-2.94541946,-0.6496127079999999,4.6051701860000005,2.3025850930000002,6.907755279,-2.3025850930000002,0.633904262,4.6051701860000005,1.8927871
0.5,20,0.04,-2.94541946,-0.6496127079999999,4.6051701860000005,2.3025850930000002,6.907755279,-2.3025850930000002,0.633904262,4.6051701860000005,1.9079763
0.2,15,0.04,-4.194385916,-2.112130036,3.113515309,3.218875825,7.824046011,0.0,1.5501949940000002,4.6051701860000005,4.4483733
0.5,15,0.08,-3.993233061,-1.925025754,4.0298060410000005,1.609437912,7.824046011,-2.3025850930000002,1.732516551,6.214608097999999,5.5008273
0.5,10,0.04,-4.688551795,-2.8481401969999998,3.218875825,3.218875825,7.824046011,-1.609437912,1.5501949940000002,4.6051701860000005,4.624997
0.1,10,0.04,-4.601178165,-2.827644877,1.609437912,1.609437912,7.824046011,-2.3025850930000002,1.03936937,6.214608097999999,2.8380005
0.1,15,0.04,-3.615628992,-1.6707602780000002,2.420368129,1.609437912,7.824046011,0.0,1.03936937,6.214608097999999,2.7678945
0.1,15,0.04,-3.615628992,-1.6707602780000002,2.420368129,1.609437912,7.824046011,0.0,1.03936937,6.214608097999999,2.789208
0.5,10,0.04,-3.302257434,-1.6185997540000001,3.218875825,1.609437912,7.824046011,-2.3025850930000002,1.03936937,6.214608097999999,2.7731504
0.5,10,0.04,-4.688551795,-2.8481401969999998,3.218875825,3.218875825,7.824046011,-1.609437912,1.5501949940000002,4.6051701860000005,4.780981
0.2,15,0.04,-4.876978909,-2.7118775160000004,3.113515309,3.218875825,7.824046011,-2.3025850930000002,1.5501949940000002,4.6051701860000005,4.7566385
0.5,5,0.04,-3.711534145,-2.63839355,1.832581464,1.609437912,7.824046011,-2.3025850930000002,1.03936937,6.214608097999999,2.7565665
0.5,15,0.08,-4.361440001,-2.187757532,4.0298060410000005,1.609437912,7.824046011,-1.609437912,1.732516551,6.214608097999999,5.6468086
0.5,10,0.08,-3.061872076,-1.4979323169999998,3.218875825,0.0,5.298317367,-1.609437912,-0.570068542,5.298317367,0.5958772
0.5,15,0.08,-2.815078774,-1.017172404,4.0298060410000005,0.0,5.298317367,-1.609437912,-0.570068542,5.298317367,0.5738969
0.5,15,0.08,-2.815078774,-1.017172404,4.0298060410000005,0.0,5.298317367,-1.609437912,-0.570068542,5.298317367,0.57338464
0.2,5,0.04,-3.315937538,-2.3230327280000003,0.916290732,0.0,5.298317367,-1.609437912,-1.263215723,5.298317367,0.28526288
0.1,15,0.08,-3.897134393,-2.1137514530000003,2.420368129,0.0,5.298317367,-1.609437912,-0.570068542,5.298317367,0.5833007
0.2,5,0.04,-2.187650555,-1.271809202,0.916290732,0.0,5.298317367,0.0,-1.263215723,5.298317367,0.2804412
0.1,5,0.04,-3.9633163000000002,-2.840507885,0.22314355100000002,0.0,5.298317367,-1.609437912,-1.263215723,5.298317367,0.28481525
0.1,10,0.04,-3.0804190819999997,-1.583789659,1.609437912,0.0,5.298317367,-2.3025850930000002,-1.263215723,5.298317367,0.2844182
0.2,10,0.08,-3.3790445769999997,-1.923272329,2.3025850930000002,0.0,5.298317367,-2.3025850930000002,-0.570068542,5.298317367,0.5673328
0.1,10,0.04,-3.0804190819999997,-1.583789659,1.609437912,0.0,5.298317367,-2.3025850930000002,-1.263215723,5.298317367,0.2822262
0.1,15,0.08,-3.5439136839999996,-1.8920130480000001,2.420368129,0.0,5.298317367,-2.3025850930000002,-0.570068542,5.298317367,0.5577418
0.5,20,0.08,-4.260163047,-1.906874068,4.6051701860000005,2.3025850930000002,7.60090246,-2.3025850930000002,1.732516551,5.298317367,5.6541057
0.5,20,0.04,-3.172469452,-0.861206134,4.6051701860000005,2.3025850930000002,7.60090246,-2.3025850930000002,1.03936937,5.298317367,2.7822971
0.2,10,0.04,-4.806063128,-2.955204722,2.3025850930000002,2.3025850930000002,7.60090246,-1.609437912,1.03936937,5.298317367,2.792968
0.1,20,0.04,-3.91904762,-1.688307975,2.995732274,2.3025850930000002,7.60090246,0.0,1.03936937,5.298317367,2.785834
0.5,15,0.04,-2.697703909,-0.673697557,4.0298060410000005,2.3025850930000002,7.60090246,0.0,1.03936937,5.298317367,2.826942
0.2,20,0.04,-3.339349978,-1.0961832409999999,3.688879454,2.3025850930000002,7.60090246,0.0,1.03936937,5.298317367,2.8665867
0.5,20,0.08,-4.260163047,-1.906874068,4.6051701860000005,2.3025850930000002,7.60090246,-2.3025850930000002,1.732516551,5.298317367,5.730378
0.2,15,0.04,-3.524043212,-1.4972169830000002,3.113515309,2.3025850930000002,7.60090246,0.0,1.03936937,5.298317367,2.8568103
0.2,10,0.04,-4.806063128,-2.955204722,2.3025850930000002,2.3025850930000002,7.60090246,-1.609437912,1.03936937,5.298317367,2.8253002
0.2,20,0.04,-4.330573353,-1.988241616,3.688879454,2.3025850930000002,7.60090246,-1.609437912,1.03936937,5.298317367,2.840386
0.2,20,0.04,-4.330573353,-1.988241616,3.688879454,2.3025850930000002,7.60090246,-1.609437912,1.03936937,5.298317367,2.8862963
0.2,20,0.04,-4.1720899110000005,-1.8262018569999998,3.688879454,2.3025850930000002,8.517193191,-2.3025850930000002,1.732516551,6.214608097999999,5.9570184
0.5,15,0.04,-2.8231244089999996,-0.787396323,4.0298060410000005,2.3025850930000002,8.517193191,0.0,1.732516551,6.214608097999999,5.566991
0.1,15,0.04,-5.210306489,-2.978993158,2.420368129,2.3025850930000002,8.517193191,-1.609437912,1.732516551,6.214608097999999,5.6544166
0.5,20,0.08,-4.385231766,-2.00556674,4.6051701860000005,2.3025850930000002,8.517193191,-2.3025850930000002,2.4256637309999998,6.214608097999999,11.340815
0.2,15,0.04,-3.6260924660000002,-1.5869135019999998,3.113515309,2.3025850930000002,8.517193191,0.0,1.732516551,6.214608097999999,5.526587
0.5,20,0.08,-3.63212112,-1.3966841490000002,4.6051701860000005,2.3025850930000002,8.517193191,0.0,2.4256637309999998,6.214608097999999,11.242069
0.5,15,0.04,-3.545991967,-1.4622945840000001,4.0298060410000005,3.218875825,8.517193191,0.0,1.955660102,5.298317367,7.1493645
0.1,20,0.04,-4.71721969,-2.370221742,2.995732274,2.3025850930000002,8.517193191,-2.3025850930000002,1.732516551,6.214608097999999,5.643264
0.5,15,0.04,-3.545991967,-1.4622945840000001,4.0298060410000005,3.218875825,8.517193191,0.0,1.955660102,5.298317367,7.0564094
0.5,10,0.04,-3.111367617,-1.453511667,3.218875825,2.3025850930000002,8.517193191,0.0,1.732516551,6.214608097999999,5.323041
0.5,20,0.04,-3.310443018,-0.973358562,4.6051701860000005,3.218875825,8.517193191,0.0,1.955660102,5.298317367,7.022112
0.5,15,0.04,-4.723953722,-2.566602724,4.0298060410000005,3.218875825,9.433483922999999,-1.609437912,2.648807283,6.214608097999999,14.18063
0.5,15,0.04,-3.649658741,-1.559829036,4.0298060410000005,3.218875825,9.433483922999999,0.0,2.648807283,6.214608097999999,13.847569
0.2,15,0.04,-4.377238118,-2.29188257,3.113515309,3.218875825,9.433483922999999,0.0,2.648807283,6.214608097999999,13.561326
0.2,20,0.04,-5.306349538,-2.8023389030000003,3.688879454,3.218875825,9.433483922999999,-1.609437912,2.648807283,6.214608097999999,13.81072
0.2,15,0.04,-5.146455017,-2.885336456,3.113515309,3.218875825,9.433483922999999,-2.3025850930000002,2.648807283,6.214608097999999,13.727386
0.2,20,0.04,-4.958992061,-2.524679195,3.688879454,3.218875825,9.433483922999999,-2.3025850930000002,2.648807283,6.214608097999999,13.941796
0.2,20,0.04,-4.958992061,-2.524679195,3.688879454,3.218875825,9.433483922999999,-2.3025850930000002,2.648807283,6.214608097999999,14.049951
0.2,20,0.04,-4.198372633,-1.852121126,3.688879454,3.218875825,9.433483922999999,0.0,2.648807283,6.214608097999999,13.452946
0.5,10,0.04,-3.9040548360000003,-2.1904714309999997,3.218875825,3.218875825,9.433483922999999,0.0,2.648807283,6.214608097999999,13.441343
0.2,15,0.04,-5.146455017,-2.885336456,3.113515309,3.218875825,9.433483922999999,-2.3025850930000002,2.648807283,6.214608097999999,13.987486
0.5,15,0.04,-3.649658741,-1.559829036,4.0298060410000005,3.218875825,9.433483922999999,0.0,2.648807283,6.214608097999999,14.1093235
0.2,10,0.04,-2.437717767,-0.936932311,2.3025850930000002,0.0,5.298317367,-2.3025850930000002,-1.263215723,5.298317367,0.2825403
0.5,15,0.08,-3.01023696,-1.13576602,4.0298060410000005,0.0,6.214608097999999,-1.609437912,0.123078638,6.214608097999999,1.1308237
0.5,5,0.04,-2.0396056330000003,-1.081472026,1.832581464,0.0,5.298317367,-2.3025850930000002,-1.263215723,5.298317367,0.2827502
0.5,10,0.08,-2.864002503,-1.3632343,3.218875825,0.0,4.6051701860000005,-1.609437912,-0.97553365,4.6051701860000005,0.38214296
0.1,10,0.04,-2.873160721,-1.4432118630000002,1.609437912,0.0,4.6051701860000005,-2.3025850930000002,-1.6686808309999999,4.6051701860000005,0.18812981
0.5,15,0.08,-3.01023696,-1.13576602,4.0298060410000005,0.0,6.214608097999999,-1.609437912,0.123078638,6.214608097999999,1.1370951
0.5,5,0.04,-2.686484423,-1.6917548709999999,1.832581464,0.0,6.214608097999999,-1.609437912,-0.570068542,6.214608097999999,0.5646152
0.2,10,0.08,-3.6045383060000002,-2.084639025,2.3025850930000002,0.0,4.6051701860000005,-1.609437912,-0.97553365,4.6051701860000005,0.38249242
0.1,5,0.04,-3.711534145,-2.6731851140000003,0.22314355100000002,0.0,6.214608097999999,-2.3025850930000002,-0.570068542,6.214608097999999,0.55691606
0.5,5,0.04,-2.261059346,-1.2858772440000001,1.832581464,0.0,6.214608097999999,-2.3025850930000002,-0.570068542,6.214608097999999,0.5753048
0.1,5,0.04,-2.8271716319999998,-1.9139542219999999,0.22314355100000002,0.0,5.298317367,0.0,-1.263215723,5.298317367,0.28351495
0.5,20,0.08,-3.796910198,-1.527968531,4.6051701860000005,1.609437912,7.824046011,-2.3025850930000002,1.732516551,6.214608097999999,5.560367
0.1,10,0.04,-4.495419322,-2.7453160260000002,1.609437912,1.609437912,6.907755279,-2.3025850930000002,0.34622219,5.298317367,1.3924454
0.2,20,0.04,-3.583438942,-1.302865393,3.688879454,1.609437912,7.824046011,-2.3025850930000002,1.03936937,6.214608097999999,2.7891579
0.1,10,0.04,-4.601178165,-2.827644877,1.609437912,1.609437912,7.824046011,-2.3025850930000002,1.03936937,6.214608097999999,2.8299813
0.5,10,0.04,-3.464776363,-1.787942762,3.218875825,1.609437912,6.907755279,-1.609437912,0.34622219,5.298317367,1.4225174
0.5,20,0.08,-3.50789212,-1.3203568190000001,4.6051701860000005,1.609437912,6.214608097999999,-2.3025850930000002,0.633904262,4.6051701860000005,1.9195979
0.2,15,0.04,-3.6840909369999997,-1.6744245340000001,3.113515309,1.609437912,6.214608097999999,-1.609437912,-0.059242918,4.6051701860000005,0.96062213
0.5,5,0.04,-2.894259305,-1.879856526,1.832581464,1.609437912,6.907755279,0.0,0.34622219,5.298317367,1.400483
0.5,20,0.08,-3.654284809,-1.4118337319999998,4.6051701860000005,1.609437912,6.907755279,-2.3025850930000002,1.03936937,5.298317367,2.898928
0.5,20,0.08,-3.796910198,-1.527968531,4.6051701860000005,1.609437912,7.824046011,-2.3025850930000002,1.732516551,6.214608097999999,5.5568705
0.2,10,0.04,-3.207441447,-1.570140279,2.3025850930000002,1.609437912,6.907755279,0.0,0.34622219,5.298317367,1.4123796
0.2,15,0.04,-4.230851807,-2.15254571,3.113515309,2.3025850930000002,7.60090246,-2.3025850930000002,1.03936937,5.298317367,2.9515426
0.5,15,0.04,-2.697703909,-0.673697557,4.0298060410000005,2.3025850930000002,7.60090246,0.0,1.03936937,5.298317367,2.8116164
0.2,10,0.04,-3.695300022,-2.02286463,2.3025850930000002,2.3025850930000002,6.907755279,0.0,0.633904262,4.6051701860000005,1.9102907
0.2,15,0.04,-3.524043212,-1.4972169830000002,3.113515309,2.3025850930000002,7.60090246,0.0,1.03936937,5.298317367,2.8507435
0.2,15,0.04,-3.3991993789999997,-1.3909451590000002,3.113515309,2.3025850930000002,6.907755279,0.0,0.633904262,4.6051701860000005,1.8737974
0.1,15,0.04,-5.210306489,-2.978993158,2.420368129,2.3025850930000002,8.517193191,-1.609437912,1.732516551,6.214608097999999,5.5807486
0.2,10,0.04,-4.884884089,-3.023884865,2.3025850930000002,2.3025850930000002,8.517193191,-1.609437912,1.732516551,6.214608097999999,5.6027527
0.5,10,0.04,-3.891240466,-2.195705731,3.218875825,2.3025850930000002,6.907755279,-1.609437912,0.633904262,4.6051701860000005,1.9152014
0.2,15,0.04,-4.230851807,-2.15254571,3.113515309,2.3025850930000002,7.60090246,-2.3025850930000002,1.03936937,5.298317367,2.9240787
0.5,10,0.04,-3.597942459,-1.9139542219999999,3.218875825,2.3025850930000002,6.907755279,-2.3025850930000002,0.633904262,4.6051701860000005,1.8540692
0.5,15,0.04,-3.520656822,-1.4647489969999998,4.0298060410000005,2.3025850930000002,6.907755279,-1.609437912,0.633904262,4.6051701860000005,1.8743858
0.2,20,0.04,-4.947660495,-2.555466463,3.688879454,3.218875825,7.824046011,-1.609437912,1.5501949940000002,4.6051701860000005,4.711552
0.2,15,0.04,-5.014643315,-2.803130407,3.113515309,3.218875825,8.517193191,-2.3025850930000002,1.955660102,5.298317367,7.036196
0.5,20,0.04,-4.147745339,-1.790456319,4.6051701860000005,3.218875825,7.824046011,-1.609437912,1.5501949940000002,4.6051701860000005,4.6806192
0.5,10,0.04,-4.530062714,-2.726132709,3.218875825,3.218875825,8.517193191,-2.3025850930000002,1.955660102,5.298317367,6.931168
0.5,15,0.04,-4.390058806,-2.27789248,4.0298060410000005,3.218875825,7.824046011,-1.609437912,1.5501949940000002,4.6051701860000005,4.6351995
0.5,10,0.04,-4.688551795,-2.8481401969999998,3.218875825,3.218875825,7.824046011,-1.609437912,1.5501949940000002,4.6051701860000005,4.6847205
0.2,15,0.04,-5.014643315,-2.803130407,3.113515309,3.218875825,8.517193191,-2.3025850930000002,1.955660102,5.298317367,6.9845705
0.2,20,0.04,-4.108037888999999,-1.750609848,3.688879454,3.218875825,8.517193191,0.0,1.955660102,5.298317367,6.825386
0.5,15,0.04,-4.401413348,-2.2657518430000003,4.0298060410000005,3.218875825,9.433483922999999,-2.3025850930000002,2.648807283,6.214608097999999,14.10972
0.2,20,0.04,-4.947660495,-2.555466463,3.688879454,3.218875825,7.824046011,-1.609437912,1.5501949940000002,4.6051701860000005,4.6979036
0.2,15,0.04,-4.876978909,-2.7118775160000004,3.113515309,3.218875825,7.824046011,-2.3025850930000002,1.5501949940000002,4.6051701860000005,4.7046695
0.1,20,0.04,-3.91904762,-1.688307975,2.995732274,2.3025850930000002,7.60090246,0.0,1.03936937,5.298317367,2.8123517
0.2,15,0.04,-4.294748627,-2.194125385,3.113515309,3.218875825,8.517193191,0.0,1.955660102,5.298317367,7.039464
0.2,10,0.04,-3.695300022,-2.02286463,2.3025850930000002,2.3025850930000002,6.907755279,0.0,0.633904262,4.6051701860000005,1.9180514
0.1,5,0.04,-2.7063516439999997,-1.8157735119999998,0.22314355100000002,0.0,4.6051701860000005,0.0,-1.6686808309999999,4.6051701860000005,0.18787737
0.5,10,0.04,-2.353457423,-0.728923592,3.218875825,1.609437912,6.907755279,0.0,0.34622219,5.298317367,1.4082708
0.5,5,0.04,-2.786444269,-1.7809144890000002,1.832581464,1.609437912,6.214608097999999,0.0,-0.059242918,4.6051701860000005,0.9365922
0.2,20,0.04,-4.198372633,-1.852121126,3.688879454,3.218875825,9.433483922999999,0.0,2.648807283,6.214608097999999,13.821525
0.5,10,0.04,-2.353457423,-0.728923592,3.218875825,1.609437912,6.907755279,0.0,0.34622219,5.298317367,1.4221208
0.1,5,0.04,-2.8271716319999998,-1.9139542219999999,0.22314355100000002,0.0,5.298317367,0.0,-1.263215723,5.298317367,0.28587252
0.1,10,0.04,-3.658156281,-2.040651691,1.609437912,1.609437912,6.214608097999999,0.0,-0.059242918,4.6051701860000005,0.94216794
0.2,10,0.04,-3.077810385,-1.4659438130000002,2.3025850930000002,1.609437912,6.214608097999999,0.0,-0.059242918,4.6051701860000005,0.90960217
0.1,15,0.04,-4.190415031000001,-2.155131072,2.420368129,1.609437912,6.907755279,-2.3025850930000002,0.34622219,5.298317367,1.4283191
0.5,20,0.08,-3.654284809,-1.4118337319999998,4.6051701860000005,1.609437912,6.907755279,-2.3025850930000002,1.03936937,5.298317367,2.9023771
0.5,20,0.08,-4.385231766,-2.00556674,4.6051701860000005,2.3025850930000002,8.517193191,-2.3025850930000002,2.4256637309999998,6.214608097999999,11.198193
0.1,20,0.04,-3.986746552,-1.760051522,2.995732274,1.609437912,6.907755279,-2.3025850930000002,0.34622219,5.298317367,1.4168143
0.1,20,0.04,-3.8022721410000004,-1.618337396,2.995732274,1.609437912,6.214608097999999,-2.3025850930000002,-0.059242918,4.6051701860000005,0.9844216
0.1,15,0.08,-3.6698614480000002,-2.002954687,2.420368129,0.0,6.214608097999999,-2.3025850930000002,0.123078638,6.214608097999999,1.1271985
0.1,15,0.04,-4.190415031000001,-2.155131072,2.420368129,1.609437912,6.907755279,-2.3025850930000002,0.34622219,5.298317367,1.4087507
0.1,15,0.04,-4.022954566,-2.028626762,2.420368129,1.609437912,6.214608097999999,-2.3025850930000002,-0.059242918,4.6051701860000005,0.9509186
0.5,10,0.08,-2.75986995,-1.25650195,3.218875825,0.0,5.298317367,-2.3025850930000002,-0.570068542,5.298317367,0.5582665
0.5,10,0.04,-4.530062714,-2.726132709,3.218875825,3.218875825,8.517193191,-2.3025850930000002,1.955660102,5.298317367,7.083383
0.2,20,0.08,-4.195713057,-1.9920462380000001,3.688879454,1.609437912,6.214608097999999,-2.3025850930000002,0.633904262,4.6051701860000005,1.9111527
0.1,10,0.04,-3.135914304,-1.6566343469999998,1.609437912,0.0,4.6051701860000005,-1.609437912,-1.6686808309999999,4.6051701860000005,0.18806918
0.1,5,0.04,-3.755019257,-2.7298664539999997,0.22314355100000002,0.0,4.6051701860000005,-1.609437912,-1.6686808309999999,4.6051701860000005,0.19528545
0.2,10,0.04,-4.884884089,-3.023884865,2.3025850930000002,2.3025850930000002,8.517193191,-1.609437912,1.732516551,6.214608097999999,5.5748167
0.2,10,0.04,-2.997333555,-1.3994039169999999,2.3025850930000002,0.0,6.214608097999999,-1.609437912,-0.570068542,6.214608097999999,0.5676609
0.1,15,0.04,-5.132802928,-2.907355163,2.420368129,2.3025850930000002,7.60090246,-1.609437912,1.03936937,5.298317367,2.8471677
0.2,10,0.04,-4.054739308,-2.379595735,2.3025850930000002,1.609437912,6.214608097999999,-1.609437912,-0.059242918,4.6051701860000005,0.9616214
0.1,5,0.04,-3.9633163000000002,-2.840507885,0.22314355100000002,0.0,5.298317367,-1.609437912,-1.263215723,5.298317367,0.28325826
0.2,20,0.08,-4.5208290380000005,-2.197288579,3.688879454,1.609437912,6.214608097999999,-1.609437912,0.633904262,4.6051701860000005,1.9015124
0.1,15,0.08,-4.00743319,-2.218685218,2.420368129,0.0,6.214608097999999,-1.609437912,0.123078638,6.214608097999999,1.144785
0.5,20,0.08,-4.71721969,-2.240925713,4.6051701860000005,2.3025850930000002,8.517193191,-1.609437912,2.4256637309999998,6.214608097999999,11.194921
0.5,20,0.08,-3.780117935,-1.551319959,4.6051701860000005,1.609437912,6.214608097999999,-1.609437912,0.633904262,4.6051701860000005,1.9380974
0.2,5,0.04,-2.772588722,-1.829261979,0.916290732,0.0,4.6051701860000005,-2.3025850930000002,-1.6686808309999999,4.6051701860000005,0.19179836
0.2,10,0.04,-2.502989157,-0.9963301059999999,2.3025850930000002,0.0,4.6051701860000005,-1.609437912,-1.6686808309999999,4.6051701860000005,0.19083837
0.2,10,0.04,-2.502989157,-0.9963301059999999,2.3025850930000002,0.0,4.6051701860000005,-1.609437912,-1.6686808309999999,4.6051701860000005,0.19019355
0.5,5,0.04,-1.7610750869999998,-0.817377958,1.832581464,0.0,4.6051701860000005,-2.3025850930000002,-1.6686808309999999,4.6051701860000005,0.19136064
0.1,10,0.04,-3.135914304,-1.6566343469999998,1.609437912,0.0,4.6051701860000005,-1.609437912,-1.6686808309999999,4.6051701860000005,0.19023006
0.2,10,0.04,-2.23792158,-0.779934583,2.3025850930000002,0.0,4.6051701860000005,-2.3025850930000002,-1.6686808309999999,4.6051701860000005,0.19226333
0.2,10,0.04,-2.23792158,-0.779934583,2.3025850930000002,0.0,4.6051701860000005,-2.3025850930000002,-1.6686808309999999,4.6051701860000005,0.1893695
0.1,5,0.04,-3.4088264089999996,-2.445993676,0.22314355100000002,0.0,4.6051701860000005,-2.3025850930000002,-1.6686808309999999,4.6051701860000005,0.19275375
0.1,5,0.04,-2.7063516439999997,-1.8157735119999998,0.22314355100000002,0.0,4.6051701860000005,0.0,-1.6686808309999999,4.6051701860000005,0.19231923
0.1,5,0.04,-2.7063516439999997,-1.8157735119999998,0.22314355100000002,0.0,4.6051701860000005,0.0,-1.6686808309999999,4.6051701860000005,0.18885636
0.5,5,0.04,-1.7610750869999998,-0.817377958,1.832581464,0.0,4.6051701860000005,-2.3025850930000002,-1.6686808309999999,4.6051701860000005,0.18940862
0.5,10,0.04,-2.904430115,-1.259443232,3.218875825,1.609437912,6.214608097999999,-2.3025850930000002,-0.059242918,4.6051701860000005,0.95238507
0.1,10,0.04,-3.658156281,-2.040651691,1.609437912,1.609437912,6.214608097999999,0.0,-0.059242918,4.6051701860000005,0.94309217
0.5,5,0.04,-3.772261063,-2.692550938,1.832581464,1.609437912,6.214608097999999,-1.609437912,-0.059242918,4.6051701860000005,0.93508875
0.5,5,0.04,-2.786444269,-1.7809144890000002,1.832581464,1.609437912,6.214608097999999,0.0,-0.059242918,4.6051701860000005,0.9406882
0.5,10,0.04,-2.904430115,-1.259443232,3.218875825,1.609437912,6.214608097999999,-2.3025850930000002,-0.059242918,4.6051701860000005,0.95335567
0.5,10,0.04,-2.904430115,-1.259443232,3.218875825,1.609437912,6.214608097999999,-2.3025850930000002,-0.059242918,4.6051701860000005,0.9470221
0.5,5,0.04,-2.786444269,-1.7809144890000002,1.832581464,1.609437912,6.214608097999999,0.0,-0.059242918,4.6051701860000005,0.9566064
0.2,15,0.04,-3.402197882,-1.417661197,3.113515309,1.609437912,6.214608097999999,-2.3025850930000002,-0.059242918,4.6051701860000005,0.96247065
0.2,20,0.04,-3.186408635,-0.9921679609999999,3.688879454,1.609437912,6.214608097999999,-2.3025850930000002,-0.059242918,4.6051701860000005,0.9473915
0.1,10,0.04,-3.658156281,-2.040651691,1.609437912,1.609437912,6.214608097999999,0.0,-0.059242918,4.6051701860000005,0.9545235
0.5,5,0.04,-3.48675527,-2.442215044,1.832581464,1.609437912,6.214608097999999,-2.3025850930000002,-0.059242918,4.6051701860000005,0.9378419
0.5,10,0.04,-3.597942459,-1.9139542219999999,3.218875825,2.3025850930000002,6.907755279,-2.3025850930000002,0.633904262,4.6051701860000005,1.870146
0.2,10,0.04,-4.377238118,-2.641813123,2.3025850930000002,2.3025850930000002,6.907755279,-2.3025850930000002,0.633904262,4.6051701860000005,1.8898294
0.1,20,0.04,-4.411249493,-2.1164707380000003,2.995732274,2.3025850930000002,6.907755279,-2.3025850930000002,0.633904262,4.6051701860000005,1.8982812
0.2,10,0.04,-4.377238118,-2.641813123,2.3025850930000002,2.3025850930000002,6.907755279,-2.3025850930000002,0.633904262,4.6051701860000005,1.9096688
0.5,20,0.08,-3.780117935,-1.551319959,4.6051701860000005,1.609437912,6.214608097999999,-1.609437912,0.633904262,4.6051701860000005,1.9461334
0.2,15,0.04,-4.052435159,-2.000201618,3.113515309,2.3025850930000002,6.907755279,-2.3025850930000002,0.633904262,4.6051701860000005,1.8532962
0.5,15,0.04,-3.520656822,-1.4647489969999998,4.0298060410000005,2.3025850930000002,6.907755279,-1.609437912,0.633904262,4.6051701860000005,1.8557653
0.5,10,0.04,-3.891240466,-2.195705731,3.218875825,2.3025850930000002,6.907755279,-1.609437912,0.633904262,4.6051701860000005,1.9059241
0.2,10,0.04,-4.706096105,-2.869416854,2.3025850930000002,2.3025850930000002,6.907755279,-1.609437912,0.633904262,4.6051701860000005,1.919838
0.2,20,0.04,-3.814896295,-1.5248945790000001,3.688879454,2.3025850930000002,6.907755279,-2.3025850930000002,0.633904262,4.6051701860000005,1.888823
0.2,15,0.04,-3.3991993789999997,-1.3909451590000002,3.113515309,2.3025850930000002,6.907755279,0.0,0.633904262,4.6051701860000005,1.8815097
0.5,20,0.08,-3.4731231210000004,-1.2612347529999999,4.6051701860000005,2.3025850930000002,6.907755279,0.0,1.327051443,4.6051701860000005,3.760457
0.5,20,0.08,-3.4731231210000004,-1.2612347529999999,4.6051701860000005,2.3025850930000002,6.907755279,0.0,1.327051443,4.6051701860000005,3.7349474
0.5,20,0.08,-3.4731231210000004,-1.2612347529999999,4.6051701860000005,2.3025850930000002,6.907755279,0.0,1.327051443,4.6051701860000005,3.7500842
0.5,20,0.08,-4.105607755,-1.793456909,4.6051701860000005,2.3025850930000002,6.907755279,-2.3025850930000002,1.327051443,4.6051701860000005,3.7911608
0.5,20,0.08,-3.4731231210000004,-1.2612347529999999,4.6051701860000005,2.3025850930000002,6.907755279,0.0,1.327051443,4.6051701860000005,3.7566547
0.5,20,0.08,-3.4731231210000004,-1.2612347529999999,4.6051701860000005,2.3025850930000002,6.907755279,0.0,1.327051443,4.6051701860000005,3.770427
0.5,20,0.08,-3.4731231210000004,-1.2612347529999999,4.6051701860000005,2.3025850930000002,6.907755279,0.0,1.327051443,4.6051701860000005,3.77043
0.5,20,0.08,-4.472389075,-2.067797596,4.6051701860000005,2.3025850930000002,6.907755279,-1.609437912,1.327051443,4.6051701860000005,3.9108021
0.5,20,0.08,-3.4731231210000004,-1.2612347529999999,4.6051701860000005,2.3025850930000002,6.907755279,0.0,1.327051443,4.6051701860000005,3.7278087
0.5,20,0.08,-4.105607755,-1.793456909,4.6051701860000005,2.3025850930000002,6.907755279,-2.3025850930000002,1.327051443,4.6051701860000005,3.73816
0.5,20,0.08,-3.4731231210000004,-1.2612347529999999,4.6051701860000005,2.3025850930000002,6.907755279,0.0,1.327051443,4.6051701860000005,3.753656
0.2,15,0.04,-5.163786474,-2.9187712319999997,3.113515309,3.218875825,7.824046011,-1.609437912,1.5501949940000002,4.6051701860000005,4.897288
0.2,15,0.04,-4.876978909,-2.7118775160000004,3.113515309,3.218875825,7.824046011,-2.3025850930000002,1.5501949940000002,4.6051701860000005,4.7051425
0.5,15,0.04,-3.419157707,-1.350433131,4.0298060410000005,3.218875825,7.824046011,0.0,1.5501949940000002,4.6051701860000005,4.7197227
0.2,15,0.04,-4.876978909,-2.7118775160000004,3.113515309,3.218875825,7.824046011,-2.3025850930000002,1.5501949940000002,4.6051701860000005,4.7239366
0.5,15,0.04,-3.419157707,-1.350433131,4.0298060410000005,3.218875825,7.824046011,0.0,1.5501949940000002,4.6051701860000005,4.679515
0.5,15,0.04,-3.419157707,-1.350433131,4.0298060410000005,3.218875825,7.824046011,0.0,1.5501949940000002,4.6051701860000005,4.688246
0.5,20,0.04,-3.8490482060000004,-1.4991316469999998,4.6051701860000005,3.218875825,7.824046011,-2.3025850930000002,1.5501949940000002,4.6051701860000005,4.70144
0.2,20,0.04,-4.947660495,-2.555466463,3.688879454,3.218875825,7.824046011,-1.609437912,1.5501949940000002,4.6051701860000005,4.8205004
0.5,15,0.04,-4.390058806,-2.27789248,4.0298060410000005,3.218875825,7.824046011,-1.609437912,1.5501949940000002,4.6051701860000005,4.713855
0.5,15,0.04,-4.390058806,-2.27789248,4.0298060410000005,3.218875825,7.824046011,-1.609437912,1.5501949940000002,4.6051701860000005,4.745179
0.2,20,0.04,-4.947660495,-2.555466463,3.688879454,3.218875825,7.824046011,-1.609437912,1.5501949940000002,4.6051701860000005,4.7379975
0.1,5,0.04,-3.590664407,-2.569941799,0.22314355100000002,0.0,5.298317367,-2.3025850930000002,-1.263215723,5.298317367,0.2876276
0.2,10,0.04,-2.7485597439999996,-1.196692702,2.3025850930000002,0.0,5.298317367,-1.609437912,-1.263215723,5.298317367,0.2851604
0.2,5,0.04,-2.187650555,-1.271809202,0.916290732,0.0,5.298317367,0.0,-1.263215723,5.298317367,0.28237772
0.5,5,0.04,-2.0396056330000003,-1.081472026,1.832581464,0.0,5.298317367,-2.3025850930000002,-1.263215723,5.298317367,0.28163618
0.1,10,0.04,-3.0804190819999997,-1.583789659,1.609437912,0.0,5.298317367,-2.3025850930000002,-1.263215723,5.298317367,0.28576025
0.1,5,0.04,-3.9633163000000002,-2.840507885,0.22314355100000002,0.0,5.298317367,-1.609437912,-1.263215723,5.298317367,0.28191957
0.1,10,0.04,-3.3761146010000003,-1.830758127,1.609437912,0.0,5.298317367,-1.609437912,-1.263215723,5.298317367,0.28348184
0.2,5,0.04,-2.9592074989999997,-1.9884461119999999,0.916290732,0.0,5.298317367,-2.3025850930000002,-1.263215723,5.298317367,0.28544655
0.2,10,0.04,-2.7485597439999996,-1.196692702,2.3025850930000002,0.0,5.298317367,-1.609437912,-1.263215723,5.298317367,0.28153628
0.1,5,0.04,-3.590664407,-2.569941799,0.22314355100000002,0.0,5.298317367,-2.3025850930000002,-1.263215723,5.298317367,0.28535274
0.1,10,0.04,-3.3761146010000003,-1.830758127,1.609437912,0.0,5.298317367,-1.609437912,-1.263215723,5.298317367,0.2827633
0.1,20,0.04,-3.986746552,-1.760051522,2.995732274,1.609437912,6.907755279,-2.3025850930000002,0.34622219,5.298317367,1.4325613
0.1,20,0.04,-4.300630996000001,-2.015033029,2.995732274,1.609437912,6.907755279,-1.609437912,0.34622219,5.298317367,1.4693502
0.1,15,0.04,-4.5116798430000005,-2.449740298,2.420368129,1.609437912,6.907755279,-1.609437912,0.34622219,5.298317367,1.4126005
0.2,15,0.04,-3.606746625,-1.58701128,3.113515309,1.609437912,6.907755279,-2.3025850930000002,0.34622219,5.298317367,1.431682
0.5,5,0.04,-2.894259305,-1.879856526,1.832581464,1.609437912,6.907755279,0.0,0.34622219,5.298317367,1.4088018
0.1,10,0.04,-4.495419322,-2.7453160260000002,1.609437912,1.609437912,6.907755279,-2.3025850930000002,0.34622219,5.298317367,1.4293435
0.2,10,0.04,-3.207441447,-1.570140279,2.3025850930000002,1.609437912,6.907755279,0.0,0.34622219,5.298317367,1.4206526
0.2,10,0.04,-3.917035547,-2.237659147,2.3025850930000002,1.609437912,6.907755279,-2.3025850930000002,0.34622219,5.298317367,1.4046638
0.5,5,0.04,-3.610438028,-2.558148536,1.832581464,1.609437912,6.907755279,-2.3025850930000002,0.34622219,5.298317367,1.4204425
0.5,10,0.04,-2.353457423,-0.728923592,3.218875825,1.609437912,6.907755279,0.0,0.34622219,5.298317367,1.4031698
0.5,5,0.04,-3.942482213,-2.813744106,1.832581464,1.609437912,6.907755279,-1.609437912,0.34622219,5.298317367,1.4261178
0.5,15,0.04,-3.4345473610000004,-1.37267552,4.0298060410000005,2.3025850930000002,7.60090246,-2.3025850930000002,1.03936937,5.298317367,2.8066325
0.1,20,0.04,-3.91904762,-1.688307975,2.995732274,2.3025850930000002,7.60090246,0.0,1.03936937,5.298317367,2.83974
0.5,20,0.04,-3.172469452,-0.861206134,4.6051701860000005,2.3025850930000002,7.60090246,-2.3025850930000002,1.03936937,5.298317367,2.8206544
0.5,15,0.04,-2.697703909,-0.673697557,4.0298060410000005,2.3025850930000002,7.60090246,0.0,1.03936937,5.298317367,2.8171952
0.2,20,0.08,-4.297685486000001,-2.05635021,3.688879454,1.609437912,6.907755279,-2.3025850930000002,1.03936937,5.298317367,2.8165622
0.5,10,0.04,-3.302257434,-1.6185997540000001,3.218875825,1.609437912,7.824046011,-2.3025850930000002,1.03936937,6.214608097999999,2.8600683
0.2,10,0.04,-3.79423997,-2.115972755,2.3025850930000002,2.3025850930000002,7.60090246,0.0,1.03936937,5.298317367,2.7098277
0.5,10,0.04,-3.031152219,-1.355881555,3.218875825,2.3025850930000002,7.60090246,0.0,1.03936937,5.298317367,2.7909648
0.1,15,0.04,-4.08162579,-2.048004892,2.420368129,2.3025850930000002,7.60090246,0.0,1.03936937,5.298317367,2.7579732
0.1,15,0.04,-4.336670933,-2.2771512919999997,2.420368129,1.609437912,7.824046011,-2.3025850930000002,1.03936937,6.214608097999999,2.773883
0.5,15,0.08,-3.8584822389999998,-1.8165112840000002,4.0298060410000005,1.609437912,6.907755279,-2.3025850930000002,1.03936937,5.298317367,2.8192608
0.5,10,0.04,-4.530062714,-2.726132709,3.218875825,3.218875825,8.517193191,-2.3025850930000002,1.955660102,5.298317367,7.002452
0.5,10,0.04,-4.815891217,-2.9433675530000003,3.218875825,3.218875825,8.517193191,-1.609437912,1.955660102,5.298317367,7.0661225
0.5,10,0.04,-4.815891217,-2.9433675530000003,3.218875825,3.218875825,8.517193191,-1.609437912,1.955660102,5.298317367,7.0675488
0.2,15,0.04,-5.014643315,-2.803130407,3.113515309,3.218875825,8.517193191,-2.3025850930000002,1.955660102,5.298317367,7.0333657
0.5,20,0.04,-3.310443018,-0.973358562,4.6051701860000005,3.218875825,8.517193191,0.0,1.955660102,5.298317367,7.0267143
0.2,15,0.04,-4.294748627,-2.194125385,3.113515309,3.218875825,8.517193191,0.0,1.955660102,5.298317367,7.092009
0.2,15,0.04,-5.259096653,-2.99990095,3.113515309,3.218875825,8.517193191,-1.609437912,1.955660102,5.298317367,6.9767237
0.2,15,0.04,-4.294748627,-2.194125385,3.113515309,3.218875825,8.517193191,0.0,1.955660102,5.298317367,7.079119
0.5,20,0.04,-4.37088889,-1.987453237,4.6051701860000005,3.218875825,8.517193191,-1.609437912,1.955660102,5.298317367,7.0422087
0.5,15,0.04,-4.260163047,-2.146573289,4.0298060410000005,3.218875825,8.517193191,-2.3025850930000002,1.955660102,5.298317367,6.9592614
0.5,10,0.04,-3.8249282989999998,-2.114182066,3.218875825,3.218875825,8.517193191,0.0,1.955660102,5.298317367,6.7314568
0.2,10,0.04,-2.997333555,-1.3994039169999999,2.3025850930000002,0.0,6.214608097999999,-1.609437912,-0.570068542,6.214608097999999,0.56831354
0.2,10,0.08,-3.3790445769999997,-1.923272329,2.3025850930000002,0.0,5.298317367,-2.3025850930000002,-0.570068542,5.298317367,0.5606539
0.2,10,0.04,-2.646202798,-1.0984243059999999,2.3025850930000002,0.0,6.214608097999999,-2.3025850930000002,-0.570068542,6.214608097999999,0.5691144
0.1,10,0.04,-3.249335032,-1.704584106,1.609437912,0.0,6.214608097999999,-2.3025850930000002,-0.570068542,6.214608097999999,0.5702328
0.1,5,0.04,-4.054739308,-2.9178827380000003,0.22314355100000002,0.0,6.214608097999999,-1.609437912,-0.570068542,6.214608097999999,0.5689175
0.5,5,0.04,-1.3293848670000001,-0.332690596,1.832581464,0.0,6.214608097999999,0.0,-0.570068542,6.214608097999999,0.5512129
0.2,10,0.04,-2.997333555,-1.3994039169999999,2.3025850930000002,0.0,6.214608097999999,-1.609437912,-0.570068542,6.214608097999999,0.5684582
0.2,5,0.04,-3.5092281260000004,-2.47879735,0.916290732,0.0,6.214608097999999,-1.609437912,-0.570068542,6.214608097999999,0.5618719
0.1,15,0.08,-3.5439136839999996,-1.8920130480000001,2.420368129,0.0,5.298317367,-2.3025850930000002,-0.570068542,5.298317367,0.5561583
0.2,10,0.08,-3.3790445769999997,-1.923272329,2.3025850930000002,0.0,5.298317367,-2.3025850930000002,-0.570068542,5.298317367,0.5621722
0.1,5,0.04,-4.054739308,-2.9178827380000003,0.22314355100000002,0.0,6.214608097999999,-1.609437912,-0.570068542,6.214608097999999,0.55859745
0.5,20,0.08,-4.625372893,-2.162475385,4.6051701860000005,2.3025850930000002,7.60090246,-1.609437912,1.732516551,5.298317367,5.7375054
0.2,15,0.04,-4.3724724219999995,-2.274347552,3.113515309,2.3025850930000002,8.517193191,-2.3025850930000002,1.732516551,6.214608097999999,5.6833305
0.2,20,0.08,-4.706096105,-2.339913198,3.688879454,1.609437912,7.824046011,-1.609437912,1.732516551,6.214608097999999,5.6359525
0.2,20,0.04,-4.1720899110000005,-1.8262018569999998,3.688879454,2.3025850930000002,8.517193191,-2.3025850930000002,1.732516551,6.214608097999999,5.756368
0.2,15,0.04,-3.6260924660000002,-1.5869135019999998,3.113515309,2.3025850930000002,8.517193191,0.0,1.732516551,6.214608097999999,5.5528436
0.2,20,0.08,-4.706096105,-2.339913198,3.688879454,1.609437912,7.824046011,-1.609437912,1.732516551,6.214608097999999,5.6104827
0.5,20,0.08,-4.156645588,-1.8279422419999998,4.6051701860000005,1.609437912,7.824046011,-1.609437912,1.732516551,6.214608097999999,5.471665
0.2,15,0.04,-4.3724724219999995,-2.274347552,3.113515309,2.3025850930000002,8.517193191,-2.3025850930000002,1.732516551,6.214608097999999,5.695247
0.2,15,0.04,-3.6260924660000002,-1.5869135019999998,3.113515309,2.3025850930000002,8.517193191,0.0,1.732516551,6.214608097999999,5.702247
0.2,20,0.08,-3.624590964,-1.576390058,3.688879454,1.609437912,7.824046011,0.0,1.732516551,6.214608097999999,5.2713904
0.5,20,0.08,-3.796910198,-1.527968531,4.6051701860000005,1.609437912,7.824046011,-2.3025850930000002,1.732516551,6.214608097999999,5.5553455
0.5,20,0.08,-4.385231766,-2.00556674,4.6051701860000005,2.3025850930000002,8.517193191,-2.3025850930000002,2.4256637309999998,6.214608097999999,11.101634
0.5,20,0.08,-4.385231766,-2.00556674,4.6051701860000005,2.3025850930000002,8.517193191,-2.3025850930000002,2.4256637309999998,6.214608097999999,11.248571
0.5,20,0.08,-3.63212112,-1.3966841490000002,4.6051701860000005,2.3025850930000002,8.517193191,0.0,2.4256637309999998,6.214608097999999,11.858684
0.5,20,0.08,-4.71721969,-2.240925713,4.6051701860000005,2.3025850930000002,8.517193191,-1.609437912,2.4256637309999998,6.214608097999999,11.057248
0.5,20,0.08,-3.63212112,-1.3966841490000002,4.6051701860000005,2.3025850930000002,8.517193191,0.0,2.4256637309999998,6.214608097999999,11.026752
0.5,20,0.08,-3.63212112,-1.3966841490000002,4.6051701860000005,2.3025850930000002,8.517193191,0.0,2.4256637309999998,6.214608097999999,11.172242
0.5,20,0.08,-4.71721969,-2.240925713,4.6051701860000005,2.3025850930000002,8.517193191,-1.609437912,2.4256637309999998,6.214608097999999,11.269197
0.5,20,0.08,-4.385231766,-2.00556674,4.6051701860000005,2.3025850930000002,8.517193191,-2.3025850930000002,2.4256637309999998,6.214608097999999,11.17491
0.5,20,0.08,-4.71721969,-2.240925713,4.6051701860000005,2.3025850930000002,8.517193191,-1.609437912,2.4256637309999998,6.214608097999999,11.281596
0.5,20,0.08,-4.71721969,-2.240925713,4.6051701860000005,2.3025850930000002,8.517193191,-1.609437912,2.4256637309999998,6.214608097999999,11.234366
0.5,20,0.08,-3.63212112,-1.3966841490000002,4.6051701860000005,2.3025850930000002,8.517193191,0.0,2.4256637309999998,6.214608097999999,11.1601
0.5,20,0.04,-4.554477072,-2.149006005,4.6051701860000005,3.218875825,9.433483922999999,-1.609437912,2.648807283,6.214608097999999,14.032741
0.5,15,0.04,-4.723953722,-2.566602724,4.0298060410000005,3.218875825,9.433483922999999,-1.609437912,2.648807283,6.214608097999999,14.153611
0.5,10,0.04,-4.658570963,-2.8105481510000003,3.218875825,3.218875825,9.433483922999999,-2.3025850930000002,2.648807283,6.214608097999999,14.284383
0.5,20,0.04,-4.554477072,-2.149006005,4.6051701860000005,3.218875825,9.433483922999999,-1.609437912,2.648807283,6.214608097999999,14.168288
0.5,15,0.04,-4.723953722,-2.566602724,4.0298060410000005,3.218875825,9.433483922999999,-1.609437912,2.648807283,6.214608097999999,14.22391
0.5,10,0.04,-4.658570963,-2.8105481510000003,3.218875825,3.218875825,9.433483922999999,-2.3025850930000002,2.648807283,6.214608097999999,13.877017
0.5,15,0.04,-4.723953722,-2.566602724,4.0298060410000005,3.218875825,9.433483922999999,-1.609437912,2.648807283,6.214608097999999,14.109381
0.5,15,0.04,-4.401413348,-2.2657518430000003,4.0298060410000005,3.218875825,9.433483922999999,-2.3025850930000002,2.648807283,6.214608097999999,13.939343
0.2,20,0.04,-4.958992061,-2.524679195,3.688879454,3.218875825,9.433483922999999,-2.3025850930000002,2.648807283,6.214608097999999,13.996777
0.5,15,0.04,-3.649658741,-1.559829036,4.0298060410000005,3.218875825,9.433483922999999,0.0,2.648807283,6.214608097999999,14.004254
0.5,20,0.04,-4.20908224,-1.8230767769999998,4.6051701860000005,3.218875825,9.433483922999999,-2.3025850930000002,2.648807283,6.214608097999999,13.524608
0.2,10,0.08,-3.243680944,-1.820554084,2.3025850930000002,0.0,4.6051701860000005,-2.3025850930000002,-0.97553365,4.6051701860000005,0.3798435
0.5,10,0.08,-2.864002503,-1.3632343,3.218875825,0.0,4.6051701860000005,-1.609437912,-0.97553365,4.6051701860000005,0.38105887
0.5,10,0.08,-2.596687733,-1.138734528,3.218875825,0.0,4.6051701860000005,-2.3025850930000002,-0.97553365,4.6051701860000005,0.37648097
0.5,10,0.08,-2.596687733,-1.138734528,3.218875825,0.0,4.6051701860000005,-2.3025850930000002,-0.97553365,4.6051701860000005,0.37671304
0.5,10,0.08,-2.596687733,-1.138734528,3.218875825,0.0,4.6051701860000005,-2.3025850930000002,-0.97553365,4.6051701860000005,0.3761089
0.2,10,0.08,-3.243680944,-1.820554084,2.3025850930000002,0.0,4.6051701860000005,-2.3025850930000002,-0.97553365,4.6051701860000005,0.37891948
0.5,10,0.08,-2.596687733,-1.138734528,3.218875825,0.0,4.6051701860000005,-2.3025850930000002,-0.97553365,4.6051701860000005,0.37585926
0.2,10,0.08,-3.243680944,-1.820554084,2.3025850930000002,0.0,4.6051701860000005,-2.3025850930000002,-0.97553365,4.6051701860000005,0.38106942
0.2,10,0.08,-3.6045383060000002,-2.084639025,2.3025850930000002,0.0,4.6051701860000005,-1.609437912,-0.97553365,4.6051701860000005,0.38340953
0.5,10,0.08,-2.596687733,-1.138734528,3.218875825,0.0,4.6051701860000005,-2.3025850930000002,-0.97553365,4.6051701860000005,0.37945592
0.5,10,0.08,-2.596687733,-1.138734528,3.218875825,0.0,4.6051701860000005,-2.3025850930000002,-0.97553365,4.6051701860000005,0.37513044
0.2,10,0.08,-3.507224786,-2.0066372759999997,2.3025850930000002,0.0,6.214608097999999,-2.3025850930000002,0.123078638,6.214608097999999,1.0780301
0.5,10,0.08,-3.2390785319999997,-1.642911969,3.218875825,0.0,6.214608097999999,-1.609437912,0.123078638,6.214608097999999,1.1223538
0.1,20,0.08,-3.833211825,-1.902413973,2.995732274,0.0,6.214608097999999,-1.609437912,0.123078638,6.214608097999999,1.2309233
0.5,10,0.08,-2.897879873,-1.3556953230000002,3.218875825,0.0,6.214608097999999,-2.3025850930000002,0.123078638,6.214608097999999,1.1180927
0.2,15,0.08,-3.611918413,-1.782696661,3.113515309,0.0,6.214608097999999,-1.609437912,0.123078638,6.214608097999999,1.1043241
0.2,15,0.08,-3.611918413,-1.782696661,3.113515309,0.0,6.214608097999999,-1.609437912,0.123078638,6.214608097999999,1.1296724
0.1,15,0.08,-3.6698614480000002,-2.002954687,2.420368129,0.0,6.214608097999999,-2.3025850930000002,0.123078638,6.214608097999999,1.1208189
0.2,15,0.08,-3.611918413,-1.782696661,3.113515309,0.0,6.214608097999999,-1.609437912,0.123078638,6.214608097999999,1.1250203
0.2,15,0.08,-3.611918413,-1.782696661,3.113515309,0.0,6.214608097999999,-1.609437912,0.123078638,6.214608097999999,1.1250203
0.5,10,0.08,-3.2390785319999997,-1.642911969,3.218875825,0.0,6.214608097999999,-1.609437912,0.123078638,6.214608097999999,1.1182674
0.5,10,0.08,-3.2390785319999997,-1.642911969,3.218875825,0.0,6.214608097999999,-1.609437912,0.123078638,6.214608097999999,1.1182674
0.2,5,0.04,-2.033168829,-1.14245133,0.916290732,0.0,4.6051701860000005,0.0,-1.6686808309999999,4.6051701860000005,0.18926407
0.5,10,0.04,-2.200570168,-0.5928892610000001,3.218875825,1.609437912,6.214608097999999,0.0,-0.059242918,4.6051701860000005,0.9342335
0.5,15,0.08,-3.08521944,-1.189570353,4.0298060410000005,1.609437912,6.214608097999999,0.0,0.633904262,4.6051701860000005,1.8660818
0.1,15,0.04,-3.96121325,-1.958655021,2.420368129,2.3025850930000002,6.907755279,0.0,0.633904262,4.6051701860000005,1.8748914
0.5,10,0.04,-2.898242652,-1.236564869,3.218875825,2.3025850930000002,6.907755279,0.0,0.633904262,4.6051701860000005,1.8745722
0.5,15,0.04,-2.554900022,-0.540096534,4.0298060410000005,2.3025850930000002,6.907755279,0.0,0.633904262,4.6051701860000005,1.8797687
0.1,10,0.04,-3.7661925569999997,-2.127993334,1.609437912,1.609437912,6.907755279,0.0,0.34622219,5.298317367,1.3805779
0.1,5,0.04,-2.9099216169999997,-1.9923101719999998,0.22314355100000002,0.0,6.214608097999999,0.0,-0.570068542,6.214608097999999,0.55107635
0.2,10,0.04,-3.3049785239999996,-1.657725203,2.3025850930000002,1.609437912,7.824046011,0.0,1.03936937,6.214608097999999,2.74778
0.5,5,0.04,-2.967339199,-1.958995389,1.832581464,1.609437912,7.824046011,0.0,1.03936937,6.214608097999999,2.7957015
0.5,15,0.04,-3.2289261610000004,-1.189399512,4.0298060410000005,2.3025850930000002,6.907755279,-2.3025850930000002,0.633904262,4.6051701860000005,1.9050218
0.5,10,0.04,-4.399783356,-2.625714739,3.218875825,3.218875825,7.824046011,-2.3025850930000002,1.5501949940000002,4.6051701860000005,4.781912
0.5,15,0.04,-4.109255175,-2.010214031,4.0298060410000005,3.218875825,7.824046011,-2.3025850930000002,1.5501949940000002,4.6051701860000005,4.7583513
0.2,20,0.04,-3.392039444,-1.1507733279999999,3.688879454,1.609437912,6.907755279,-2.3025850930000002,0.34622219,5.298317367,1.4405054
0.5,10,0.04,-3.1172221710000003,-1.456682491,3.218875825,1.609437912,6.907755279,-2.3025850930000002,0.34622219,5.298317367,1.5113696
0.2,20,0.04,-4.008533906,-1.685304353,3.688879454,2.3025850930000002,7.60090246,-2.3025850930000002,1.03936937,5.298317367,2.856671
0.5,10,0.04,-3.7818723210000003,-2.072871174,3.218875825,2.3025850930000002,7.60090246,-2.3025850930000002,1.03936937,5.298317367,2.9476378
0.2,5,0.04,-3.127208636,-2.1328423180000002,0.916290732,0.0,6.214608097999999,-2.3025850930000002,-0.570068542,6.214608097999999,0.5633748
0.2,10,0.04,-4.072191758,-2.361910559,2.3025850930000002,1.609437912,7.824046011,-2.3025850930000002,1.03936937,6.214608097999999,2.7352853
0.2,15,0.04,-3.7766183680000003,-1.729122755,3.113515309,1.609437912,7.824046011,-2.3025850930000002,1.03936937,6.214608097999999,2.8590248
0.2,20,0.08,-4.398156017,-2.139582281,3.688879454,1.609437912,7.824046011,-2.3025850930000002,1.732516551,6.214608097999999,5.2628016
0.1,15,0.04,-4.917144951,-2.76341493,2.420368129,2.3025850930000002,8.517193191,-2.3025850930000002,1.732516551,6.214608097999999,5.471888
0.2,10,0.04,-4.64183417,-2.820301067,2.3025850930000002,2.3025850930000002,8.517193191,-2.3025850930000002,1.732516551,6.214608097999999,5.5328727
0.5,10,0.04,-3.895165888,-2.18490873,3.218875825,2.3025850930000002,8.517193191,-2.3025850930000002,1.732516551,6.214608097999999,5.727473
0.5,15,0.04,-3.616372763,-1.5324583530000002,4.0298060410000005,2.3025850930000002,8.517193191,-2.3025850930000002,1.732516551,6.214608097999999,5.788709
0.5,20,0.04,-3.3813947539999996,-1.043703737,4.6051701860000005,2.3025850930000002,8.517193191,-2.3025850930000002,1.732516551,6.214608097999999,5.5867634
0.1,10,0.04,-4.686380241,-2.8781270310000004,1.609437912,1.609437912,6.214608097999999,-1.609437912,-0.059242918,4.6051701860000005,0.9637835
0.1,20,0.04,-4.0675079080000005,-1.838172062,2.995732274,1.609437912,6.214608097999999,-1.609437912,-0.059242918,4.6051701860000005,0.9474781
0.2,20,0.04,-3.433307436,-1.203932805,3.688879454,1.609437912,6.214608097999999,-1.609437912,-0.059242918,4.6051701860000005,0.972045
0.5,10,0.04,-3.228421238,-1.56515312,3.218875825,1.609437912,6.214608097999999,-1.609437912,-0.059242918,4.6051701860000005,0.9784133
0.5,20,0.04,-3.225397042,-0.909881316,4.6051701860000005,2.3025850930000002,6.907755279,-1.609437912,0.633904262,4.6051701860000005,1.9591478
0.5,5,0.04,-2.442537053,-1.4708418669999999,1.832581464,0.0,5.298317367,-1.609437912,-1.263215723,5.298317367,0.2930582
0.2,10,0.08,-3.7661925569999997,-2.159975036,2.3025850930000002,0.0,5.298317367,-1.609437912,-0.570068542,5.298317367,0.58146656
0.2,15,0.08,-3.445776425,-1.671866661,3.113515309,0.0,5.298317367,-1.609437912,-0.570068542,5.298317367,0.57823133
0.1,10,0.04,-4.781907363999999,-2.956973205,1.609437912,1.609437912,6.907755279,-1.609437912,0.34622219,5.298317367,1.3957933
0.2,10,0.04,-4.250296864,-2.533005053,2.3025850930000002,1.609437912,6.907755279,-1.609437912,0.34622219,5.298317367,1.4425174
0.2,15,0.04,-3.9301869760000003,-1.886298746,3.113515309,1.609437912,6.907755279,-1.609437912,0.34622219,5.298317367,1.4529952
0.2,20,0.04,-3.6944951930000003,-1.414134321,3.688879454,1.609437912,6.907755279,-1.609437912,0.34622219,5.298317367,1.4265996
0.2,20,0.08,-4.611188258,-2.2622880359999997,3.688879454,1.609437912,6.907755279,-1.609437912,1.03936937,5.298317367,2.824844
0.5,15,0.08,-4.218548166000001,-2.091093159,4.0298060410000005,1.609437912,6.907755279,-1.609437912,1.03936937,5.298317367,2.8676507
0.5,20,0.08,-3.972835145,-1.679216807,4.6051701860000005,1.609437912,6.907755279,-1.609437912,1.03936937,5.298317367,2.9685163
0.5,10,0.04,-4.09234656,-2.363057226,3.218875825,2.3025850930000002,7.60090246,-1.609437912,1.03936937,5.298317367,2.937118
0.5,15,0.04,-3.7766183680000003,-1.698990698,4.0298060410000005,2.3025850930000002,7.60090246,-1.609437912,1.03936937,5.298317367,2.898594
0.2,20,0.04,-5.092930537,-2.6733010090000002,3.688879454,3.218875825,8.517193191,-1.609437912,1.955660102,5.298317367,6.98564
0.5,15,0.04,-4.5873302680000005,-2.4396885719999997,4.0298060410000005,3.218875825,8.517193191,-1.609437912,1.955660102,5.298317367,7.021191
0.1,10,0.04,-3.580563311,-1.983404353,1.609437912,0.0,6.214608097999999,-1.609437912,-0.570068542,6.214608097999999,0.5559102
0.2,10,0.08,-3.884407838,-2.2491580769999997,2.3025850930000002,0.0,6.214608097999999,-1.609437912,0.123078638,6.214608097999999,1.1109036
0.1,15,0.04,-4.6950948939999995,-2.593793375,2.420368129,1.609437912,7.824046011,-1.609437912,1.03936937,6.214608097999999,2.851693
0.2,15,0.04,-4.135166557,-2.057194845,3.113515309,1.609437912,7.824046011,-1.609437912,1.03936937,6.214608097999999,2.7965062
0.2,20,0.04,-3.918041078,-1.6053861319999998,3.688879454,1.609437912,7.824046011,-1.609437912,1.03936937,6.214608097999999,2.725479
0.5,5,0.04,-4.08399827,-2.905233651,1.832581464,1.609437912,7.824046011,-1.609437912,1.03936937,6.214608097999999,2.8026726
0.5,10,0.04,-4.240527072,-2.493648751,3.218875825,2.3025850930000002,8.517193191,-1.609437912,1.732516551,6.214608097999999,5.4069047
0.5,15,0.04,-3.969652118,-1.8773173580000002,4.0298060410000005,2.3025850930000002,8.517193191,-1.609437912,1.732516551,6.214608097999999,5.5613117
0.5,20,0.04,-3.742280231,-1.390157815,4.6051701860000005,2.3025850930000002,8.517193191,-1.609437912,1.732516551,6.214608097999999,5.6521297
0.2,15,0.04,-5.339139361,-3.070886947,3.113515309,3.218875825,9.433483922999999,-1.609437912,2.648807283,6.214608097999999,13.814366
0.5,10,0.04,-4.898199865,-3.016261565,3.218875825,3.218875825,9.433483922999999,-1.609437912,2.648807283,6.214608097999999,13.631144
