m,v,d,tt,tp,ike,cu,e,lambda,AB,e/cu,e_pred
0.2,10,0.04,-2.502989157,-0.9963301059999999,2.3025850930000002,0.0,4.6051701860000005,-1.609437912,-1.6686808309999999,4.6051701860000005,99.70861
0.1,5,0.04,-2.7063516439999997,-1.8157735119999998,0.22314355100000002,0.0,4.6051701860000005,0.0,-1.6686808309999999,4.6051701860000005,100.01331
0.5,10,0.08,-2.864002503,-1.3632343,3.218875825,0.0,4.6051701860000005,-1.609437912,-0.97553365,4.6051701860000005,99.97593
0.5,10,0.08,-2.596687733,-1.138734528,3.218875825,0.0,4.6051701860000005,-2.3025850930000002,-0.97553365,4.6051701860000005,99.91021
0.1,10,0.04,-2.873160721,-1.4432118630000002,1.609437912,0.0,4.6051701860000005,-2.3025850930000002,-1.6686808309999999,4.6051701860000005,100.0633
0.2,10,0.08,-3.243680944,-1.820554084,2.3025850930000002,0.0,4.6051701860000005,-2.3025850930000002,-0.97553365,4.6051701860000005,99.94418
0.5,10,0.08,-2.864002503,-1.3632343,3.218875825,0.0,4.6051701860000005,-1.609437912,-0.97553365,4.6051701860000005,100.12544
0.5,5,0.04,-1.7610750869999998,-0.817377958,1.832581464,0.0,4.6051701860000005,-2.3025850930000002,-1.6686808309999999,4.6051701860000005,100.056816
0.5,10,0.08,-2.596687733,-1.138734528,3.218875825,0.0,4.6051701860000005,-2.3025850930000002,-0.97553365,4.6051701860000005,100.094604
0.2,10,0.04,-2.23792158,-0.779934583,2.3025850930000002,0.0,4.6051701860000005,-2.3025850930000002,-1.6686808309999999,4.6051701860000005,100.12578
0.5,10,0.08,-2.864002503,-1.3632343,3.218875825,0.0,4.6051701860000005,-1.609437912,-0.97553365,4.6051701860000005,100.01942
0.2,5,0.04,-2.316481198,-1.3839131980000001,0.916290732,0.0,6.214608097999999,0.0,-0.570068542,6.214608097999999,499.67328
0.5,5,0.04,-2.786444269,-1.7809144890000002,1.832581464,1.609437912,6.214608097999999,0.0,-0.059242918,4.6051701860000005,500.11475
0.2,20,0.08,-4.5208290380000005,-2.197288579,3.688879454,1.609437912,6.214608097999999,-1.609437912,0.633904262,4.6051701860000005,499.84866
0.5,10,0.08,-2.897879873,-1.3556953230000002,3.218875825,0.0,6.214608097999999,-2.3025850930000002,0.123078638,6.214608097999999,499.79718
0.5,5,0.04,-3.48675527,-2.442215044,1.832581464,1.609437912,6.214608097999999,-2.3025850930000002,-0.059242918,4.6051701860000005,499.92685
0.2,10,0.04,-3.7567301210000004,-2.093102428,2.3025850930000002,1.609437912,6.214608097999999,-2.3025850930000002,-0.059242918,4.6051701860000005,500.65277
0.2,15,0.04,-3.6840909369999997,-1.6744245340000001,3.113515309,1.609437912,6.214608097999999,-1.609437912,-0.059242918,4.6051701860000005,500.24948
0.1,5,0.04,-4.054739308,-2.9178827380000003,0.22314355100000002,0.0,6.214608097999999,-1.609437912,-0.570068542,6.214608097999999,500.61508
0.2,20,0.04,-3.186408635,-0.9921679609999999,3.688879454,1.609437912,6.214608097999999,-2.3025850930000002,-0.059242918,4.6051701860000005,500.2786
0.5,15,0.08,-3.702572781,-1.7012462309999998,4.0298060410000005,1.609437912,6.214608097999999,-2.3025850930000002,0.633904262,4.6051701860000005,501.05734
0.5,20,0.08,-3.50789212,-1.3203568190000001,4.6051701860000005,1.609437912,6.214608097999999,-2.3025850930000002,0.633904262,4.6051701860000005,499.4689
0.2,10,0.04,-3.917035547,-2.237659147,2.3025850930000002,1.609437912,6.907755279,-2.3025850930000002,0.34622219,5.298317367,999.34894
0.5,5,0.04,-3.942482213,-2.813744106,1.832581464,1.609437912,6.907755279,-1.609437912,0.34622219,5.298317367,999.4771
0.1,15,0.04,-5.035953102,-2.825415824,2.420368129,2.3025850930000002,6.907755279,-1.609437912,0.633904262,4.6051701860000005,1001.8037
0.2,15,0.04,-4.052435159,-2.000201618,3.113515309,2.3025850930000002,6.907755279,-2.3025850930000002,0.633904262,4.6051701860000005,1001.0568
0.5,15,0.08,-3.8584822389999998,-1.8165112840000002,4.0298060410000005,1.609437912,6.907755279,-2.3025850930000002,1.03936937,5.298317367,999.75073
0.2,20,0.08,-4.297685486000001,-2.05635021,3.688879454,1.609437912,6.907755279,-2.3025850930000002,1.03936937,5.298317367,999.654
0.1,20,0.04,-3.986746552,-1.760051522,2.995732274,1.609437912,6.907755279,-2.3025850930000002,0.34622219,5.298317367,1000.37164
0.5,10,0.04,-3.597942459,-1.9139542219999999,3.218875825,2.3025850930000002,6.907755279,-2.3025850930000002,0.633904262,4.6051701860000005,1000.4317
0.5,10,0.04,-3.464776363,-1.787942762,3.218875825,1.609437912,6.907755279,-1.609437912,0.34622219,5.298317367,999.50287
0.5,20,0.04,-2.94541946,-0.6496127079999999,4.6051701860000005,2.3025850930000002,6.907755279,-2.3025850930000002,0.633904262,4.6051701860000005,999.32275
0.5,20,0.04,-2.94541946,-0.6496127079999999,4.6051701860000005,2.3025850930000002,6.907755279,-2.3025850930000002,0.633904262,4.6051701860000005,1001.50757
0.2,15,0.04,-4.194385916,-2.112130036,3.113515309,3.218875825,7.824046011,0.0,1.5501949940000002,4.6051701860000005,2500.978
0.5,15,0.08,-3.993233061,-1.925025754,4.0298060410000005,1.609437912,7.824046011,-2.3025850930000002,1.732516551,6.214608097999999,2495.0876
0.5,10,0.04,-4.688551795,-2.8481401969999998,3.218875825,3.218875825,7.824046011,-1.609437912,1.5501949940000002,4.6051701860000005,2500.0886
0.1,10,0.04,-4.601178165,-2.827644877,1.609437912,1.609437912,7.824046011,-2.3025850930000002,1.03936937,6.214608097999999,2495.516
0.1,15,0.04,-3.615628992,-1.6707602780000002,2.420368129,1.609437912,7.824046011,0.0,1.03936937,6.214608097999999,2500.687
0.1,15,0.04,-3.615628992,-1.6707602780000002,2.420368129,1.609437912,7.824046011,0.0,1.03936937,6.214608097999999,2500.3413
0.5,10,0.04,-3.302257434,-1.6185997540000001,3.218875825,1.609437912,7.824046011,-2.3025850930000002,1.03936937,6.214608097999999,2500.8694
0.5,10,0.04,-4.688551795,-2.8481401969999998,3.218875825,3.218875825,7.824046011,-1.609437912,1.5501949940000002,4.6051701860000005,2496.8289
0.2,15,0.04,-4.876978909,-2.7118775160000004,3.113515309,3.218875825,7.824046011,-2.3025850930000002,1.5501949940000002,4.6051701860000005,2498.8132
0.5,5,0.04,-3.711534145,-2.63839355,1.832581464,1.609437912,7.824046011,-2.3025850930000002,1.03936937,6.214608097999999,2498.3057
0.5,15,0.08,-4.361440001,-2.187757532,4.0298060410000005,1.609437912,7.824046011,-1.609437912,1.732516551,6.214608097999999,2501.7175
0.5,10,0.08,-3.061872076,-1.4979323169999998,3.218875825,0.0,5.298317367,-1.609437912,-0.570068542,5.298317367,200.33504
0.5,15,0.08,-2.815078774,-1.017172404,4.0298060410000005,0.0,5.298317367,-1.609437912,-0.570068542,5.298317367,200.025
0.5,15,0.08,-2.815078774,-1.017172404,4.0298060410000005,0.0,5.298317367,-1.609437912,-0.570068542,5.298317367,200.15428
0.2,5,0.04,-3.315937538,-2.3230327280000003,0.916290732,0.0,5.298317367,-1.609437912,-1.263215723,5.298317367,199.89542
0.1,15,0.08,-3.897134393,-2.1137514530000003,2.420368129,0.0,5.298317367,-1.609437912,-0.570068542,5.298317367,200.26416
0.2,5,0.04,-2.187650555,-1.271809202,0.916290732,0.0,5.298317367,0.0,-1.263215723,5.298317367,200.08853
0.1,5,0.04,-3.9633163000000002,-2.840507885,0.22314355100000002,0.0,5.298317367,-1.609437912,-1.263215723,5.298317367,200.1791
0.1,10,0.04,-3.0804190819999997,-1.583789659,1.609437912,0.0,5.298317367,-2.3025850930000002,-1.263215723,5.298317367,200.27457
0.2,10,0.08,-3.3790445769999997,-1.923272329,2.3025850930000002,0.0,5.298317367,-2.3025850930000002,-0.570068542,5.298317367,199.8815
0.1,10,0.04,-3.0804190819999997,-1.583789659,1.609437912,0.0,5.298317367,-2.3025850930000002,-1.263215723,5.298317367,200.01508
0.1,15,0.08,-3.5439136839999996,-1.8920130480000001,2.420368129,0.0,5.298317367,-2.3025850930000002,-0.570068542,5.298317367,199.9531
0.5,20,0.08,-4.260163047,-1.906874068,4.6051701860000005,2.3025850930000002,7.60090246,-2.3025850930000002,1.732516551,5.298317367,1996.3995
0.5,20,0.04,-3.172469452,-0.861206134,4.6051701860000005,2.3025850930000002,7.60090246,-2.3025850930000002,1.03936937,5.298317367,1997.9956
0.2,10,0.04,-4.806063128,-2.955204722,2.3025850930000002,2.3025850930000002,7.60090246,-1.609437912,1.03936937,5.298317367,2000.1738
0.1,20,0.04,-3.91904762,-1.688307975,2.995732274,2.3025850930000002,7.60090246,0.0,1.03936937,5.298317367,2000.0756
0.5,15,0.04,-2.697703909,-0.673697557,4.0298060410000005,2.3025850930000002,7.60090246,0.0,1.03936937,5.298317367,1999.04
0.2,20,0.04,-3.339349978,-1.0961832409999999,3.688879454,2.3025850930000002,7.60090246,0.0,1.03936937,5.298317367,1998.8818
0.5,20,0.08,-4.260163047,-1.906874068,4.6051701860000005,2.3025850930000002,7.60090246,-2.3025850930000002,1.732516551,5.298317367,2001.1497
0.2,15,0.04,-3.524043212,-1.4972169830000002,3.113515309,2.3025850930000002,7.60090246,0.0,1.03936937,5.298317367,1999.9658
0.2,10,0.04,-4.806063128,-2.955204722,2.3025850930000002,2.3025850930000002,7.60090246,-1.609437912,1.03936937,5.298317367,2002.3744
0.2,20,0.04,-4.330573353,-1.988241616,3.688879454,2.3025850930000002,7.60090246,-1.609437912,1.03936937,5.298317367,2001.9982
0.2,20,0.04,-4.330573353,-1.988241616,3.688879454,2.3025850930000002,7.60090246,-1.609437912,1.03936937,5.298317367,1997.1002
0.2,20,0.04,-4.1720899110000005,-1.8262018569999998,3.688879454,2.3025850930000002,8.517193191,-2.3025850930000002,1.732516551,6.214608097999999,5005.7476
0.5,15,0.04,-2.8231244089999996,-0.787396323,4.0298060410000005,2.3025850930000002,8.517193191,0.0,1.732516551,6.214608097999999,4995.6846
0.1,15,0.04,-5.210306489,-2.978993158,2.420368129,2.3025850930000002,8.517193191,-1.609437912,1.732516551,6.214608097999999,4994.284
0.5,20,0.08,-4.385231766,-2.00556674,4.6051701860000005,2.3025850930000002,8.517193191,-2.3025850930000002,2.4256637309999998,6.214608097999999,5000.208
0.2,15,0.04,-3.6260924660000002,-1.5869135019999998,3.113515309,2.3025850930000002,8.517193191,0.0,1.732516551,6.214608097999999,5002.8794
0.5,20,0.08,-3.63212112,-1.3966841490000002,4.6051701860000005,2.3025850930000002,8.517193191,0.0,2.4256637309999998,6.214608097999999,5005.003
0.5,15,0.04,-3.545991967,-1.4622945840000001,4.0298060410000005,3.218875825,8.517193191,0.0,1.955660102,5.298317367,4997.467
0.1,20,0.04,-4.71721969,-2.370221742,2.995732274,2.3025850930000002,8.517193191,-2.3025850930000002,1.732516551,6.214608097999999,4992.9746
0.5,15,0.04,-3.545991967,-1.4622945840000001,4.0298060410000005,3.218875825,8.517193191,0.0,1.955660102,5.298317367,5002.4497
0.5,10,0.04,-3.111367617,-1.453511667,3.218875825,2.3025850930000002,8.517193191,0.0,1.732516551,6.214608097999999,4984.4346
0.5,20,0.04,-3.310443018,-0.973358562,4.6051701860000005,3.218875825,8.517193191,0.0,1.955660102,5.298317367,4999.102
0.5,15,0.04,-4.723953722,-2.566602724,4.0298060410000005,3.218875825,9.433483922999999,-1.609437912,2.648807283,6.214608097999999,12490.922
0.5,15,0.04,-3.649658741,-1.559829036,4.0298060410000005,3.218875825,9.433483922999999,0.0,2.648807283,6.214608097999999,12511.32
0.2,15,0.04,-4.377238118,-2.29188257,3.113515309,3.218875825,9.433483922999999,0.0,2.648807283,6.214608097999999,12491.493
0.2,20,0.04,-5.306349538,-2.8023389030000003,3.688879454,3.218875825,9.433483922999999,-1.609437912,2.648807283,6.214608097999999,12474.279
0.2,15,0.04,-5.146455017,-2.885336456,3.113515309,3.218875825,9.433483922999999,-2.3025850930000002,2.648807283,6.214608097999999,12492.565
0.2,20,0.04,-4.958992061,-2.524679195,3.688879454,3.218875825,9.433483922999999,-2.3025850930000002,2.648807283,6.214608097999999,12500.753
0.2,20,0.04,-4.958992061,-2.524679195,3.688879454,3.218875825,9.433483922999999,-2.3025850930000002,2.648807283,6.214608097999999,12495.342
0.2,20,0.04,-4.198372633,-1.852121126,3.688879454,3.218875825,9.433483922999999,0.0,2.648807283,6.214608097999999,12482.788
0.5,10,0.04,-3.9040548360000003,-2.1904714309999997,3.218875825,3.218875825,9.433483922999999,0.0,2.648807283,6.214608097999999,12483.692
0.2,15,0.04,-5.146455017,-2.885336456,3.113515309,3.218875825,9.433483922999999,-2.3025850930000002,2.648807283,6.214608097999999,12501.886
0.5,15,0.04,-3.649658741,-1.559829036,4.0298060410000005,3.218875825,9.433483922999999,0.0,2.648807283,6.214608097999999,12467.024
0.2,10,0.04,-2.437717767,-0.936932311,2.3025850930000002,0.0,5.298317367,-2.3025850930000002,-1.263215723,5.298317367,199.97742
0.5,15,0.08,-3.01023696,-1.13576602,4.0298060410000005,0.0,6.214608097999999,-1.609437912,0.123078638,6.214608097999999,500.3213
0.5,5,0.04,-2.0396056330000003,-1.081472026,1.832581464,0.0,5.298317367,-2.3025850930000002,-1.263215723,5.298317367,199.92403
0.5,10,0.08,-2.864002503,-1.3632343,3.218875825,0.0,4.6051701860000005,-1.609437912,-0.97553365,4.6051701860000005,99.890915
0.1,10,0.04,-2.873160721,-1.4432118630000002,1.609437912,0.0,4.6051701860000005,-2.3025850930000002,-1.6686808309999999,4.6051701860000005,100.02919
0.5,15,0.08,-3.01023696,-1.13576602,4.0298060410000005,0.0,6.214608097999999,-1.609437912,0.123078638,6.214608097999999,499.53534
0.5,5,0.04,-2.686484423,-1.6917548709999999,1.832581464,0.0,6.214608097999999,-1.609437912,-0.570068542,6.214608097999999,500.32535
0.2,10,0.08,-3.6045383060000002,-2.084639025,2.3025850930000002,0.0,4.6051701860000005,-1.609437912,-0.97553365,4.6051701860000005,100.0478
0.1,5,0.04,-3.711534145,-2.6731851140000003,0.22314355100000002,0.0,6.214608097999999,-2.3025850930000002,-0.570068542,6.214608097999999,499.7884
0.5,5,0.04,-2.261059346,-1.2858772440000001,1.832581464,0.0,6.214608097999999,-2.3025850930000002,-0.570068542,6.214608097999999,500.06824
0.1,5,0.04,-2.8271716319999998,-1.9139542219999999,0.22314355100000002,0.0,5.298317367,0.0,-1.263215723,5.298317367,200.05629
0.5,20,0.08,-3.796910198,-1.527968531,4.6051701860000005,1.609437912,7.824046011,-2.3025850930000002,1.732516551,6.214608097999999,2499.2803
0.1,10,0.04,-4.495419322,-2.7453160260000002,1.609437912,1.609437912,6.907755279,-2.3025850930000002,0.34622219,5.298317367,1000.36304
0.2,20,0.04,-3.583438942,-1.302865393,3.688879454,1.609437912,7.824046011,-2.3025850930000002,1.03936937,6.214608097999999,2499.5784
0.1,10,0.04,-4.601178165,-2.827644877,1.609437912,1.609437912,7.824046011,-2.3025850930000002,1.03936937,6.214608097999999,2501.8845
0.5,10,0.04,-3.464776363,-1.787942762,3.218875825,1.609437912,6.907755279,-1.609437912,0.34622219,5.298317367,999.6697
0.5,20,0.08,-3.50789212,-1.3203568190000001,4.6051701860000005,1.609437912,6.214608097999999,-2.3025850930000002,0.633904262,4.6051701860000005,499.7376
0.2,15,0.04,-3.6840909369999997,-1.6744245340000001,3.113515309,1.609437912,6.214608097999999,-1.609437912,-0.059242918,4.6051701860000005,500.04034
0.5,5,0.04,-2.894259305,-1.879856526,1.832581464,1.609437912,6.907755279,0.0,0.34622219,5.298317367,999.2813
0.5,20,0.08,-3.654284809,-1.4118337319999998,4.6051701860000005,1.609437912,6.907755279,-2.3025850930000002,1.03936937,5.298317367,1001.1146
0.5,20,0.08,-3.796910198,-1.527968531,4.6051701860000005,1.609437912,7.824046011,-2.3025850930000002,1.732516551,6.214608097999999,2496.76
0.2,10,0.04,-3.207441447,-1.570140279,2.3025850930000002,1.609437912,6.907755279,0.0,0.34622219,5.298317367,999.95337
0.2,15,0.04,-4.230851807,-2.15254571,3.113515309,2.3025850930000002,7.60090246,-2.3025850930000002,1.03936937,5.298317367,2004.5984
0.5,15,0.04,-2.697703909,-0.673697557,4.0298060410000005,2.3025850930000002,7.60090246,0.0,1.03936937,5.298317367,2000.2482
0.2,10,0.04,-3.695300022,-2.02286463,2.3025850930000002,2.3025850930000002,6.907755279,0.0,0.633904262,4.6051701860000005,1000.2481
0.2,15,0.04,-3.524043212,-1.4972169830000002,3.113515309,2.3025850930000002,7.60090246,0.0,1.03936937,5.298317367,2000.6049
0.2,15,0.04,-3.3991993789999997,-1.3909451590000002,3.113515309,2.3025850930000002,6.907755279,0.0,0.633904262,4.6051701860000005,1000.2071
0.1,15,0.04,-5.210306489,-2.978993158,2.420368129,2.3025850930000002,8.517193191,-1.609437912,1.732516551,6.214608097999999,5003.2036
0.2,10,0.04,-4.884884089,-3.023884865,2.3025850930000002,2.3025850930000002,8.517193191,-1.609437912,1.732516551,6.214608097999999,4995.0176
0.5,10,0.04,-3.891240466,-2.195705731,3.218875825,2.3025850930000002,6.907755279,-1.609437912,0.633904262,4.6051701860000005,999.29034
0.2,15,0.04,-4.230851807,-2.15254571,3.113515309,2.3025850930000002,7.60090246,-2.3025850930000002,1.03936937,5.298317367,2000.9846
0.5,10,0.04,-3.597942459,-1.9139542219999999,3.218875825,2.3025850930000002,6.907755279,-2.3025850930000002,0.633904262,4.6051701860000005,999.6111
0.5,15,0.04,-3.520656822,-1.4647489969999998,4.0298060410000005,2.3025850930000002,6.907755279,-1.609437912,0.633904262,4.6051701860000005,999.7236
0.2,20,0.04,-4.947660495,-2.555466463,3.688879454,3.218875825,7.824046011,-1.609437912,1.5501949940000002,4.6051701860000005,2500.8672
0.2,15,0.04,-5.014643315,-2.803130407,3.113515309,3.218875825,8.517193191,-2.3025850930000002,1.955660102,5.298317367,5002.3115
0.5,20,0.04,-4.147745339,-1.790456319,4.6051701860000005,3.218875825,7.824046011,-1.609437912,1.5501949940000002,4.6051701860000005,2501.1748
0.5,10,0.04,-4.530062714,-2.726132709,3.218875825,3.218875825,8.517193191,-2.3025850930000002,1.955660102,5.298317367,4996.185
0.5,15,0.04,-4.390058806,-2.27789248,4.0298060410000005,3.218875825,7.824046011,-1.609437912,1.5501949940000002,4.6051701860000005,2499.8489
0.5,10,0.04,-4.688551795,-2.8481401969999998,3.218875825,3.218875825,7.824046011,-1.609437912,1.5501949940000002,4.6051701860000005,2506.5308
0.2,15,0.04,-5.014643315,-2.803130407,3.113515309,3.218875825,8.517193191,-2.3025850930000002,1.955660102,5.298317367,4992.603
0.2,20,0.04,-4.108037888999999,-1.750609848,3.688879454,3.218875825,8.517193191,0.0,1.955660102,5.298317367,4998.811
0.5,15,0.04,-4.401413348,-2.2657518430000003,4.0298060410000005,3.218875825,9.433483922999999,-2.3025850930000002,2.648807283,6.214608097999999,12492.363
0.2,20,0.04,-4.947660495,-2.555466463,3.688879454,3.218875825,7.824046011,-1.609437912,1.5501949940000002,4.6051701860000005,2502.888
0.2,15,0.04,-4.876978909,-2.7118775160000004,3.113515309,3.218875825,7.824046011,-2.3025850930000002,1.5501949940000002,4.6051701860000005,2498.737
0.1,20,0.04,-3.91904762,-1.688307975,2.995732274,2.3025850930000002,7.60090246,0.0,1.03936937,5.298317367,2000.8053
0.2,15,0.04,-4.294748627,-2.194125385,3.113515309,3.218875825,8.517193191,0.0,1.955660102,5.298317367,5002.9507
0.2,10,0.04,-3.695300022,-2.02286463,2.3025850930000002,2.3025850930000002,6.907755279,0.0,0.633904262,4.6051701860000005,1000.6889
0.1,5,0.04,-2.7063516439999997,-1.8157735119999998,0.22314355100000002,0.0,4.6051701860000005,0.0,-1.6686808309999999,4.6051701860000005,100.025185
0.5,10,0.04,-2.353457423,-0.728923592,3.218875825,1.609437912,6.907755279,0.0,0.34622219,5.298317367,1002.2997
0.5,5,0.04,-2.786444269,-1.7809144890000002,1.832581464,1.609437912,6.214608097999999,0.0,-0.059242918,4.6051701860000005,499.75238
0.2,20,0.04,-4.198372633,-1.852121126,3.688879454,3.218875825,9.433483922999999,0.0,2.648807283,6.214608097999999,12489.361
0.5,10,0.04,-2.353457423,-0.728923592,3.218875825,1.609437912,6.907755279,0.0,0.34622219,5.298317367,998.6063
0.1,5,0.04,-2.8271716319999998,-1.9139542219999999,0.22314355100000002,0.0,5.298317367,0.0,-1.263215723,5.298317367,200.05571
0.1,10,0.04,-3.658156281,-2.040651691,1.609437912,1.609437912,6.214608097999999,0.0,-0.059242918,4.6051701860000005,499.85773
0.2,10,0.04,-3.077810385,-1.4659438130000002,2.3025850930000002,1.609437912,6.214608097999999,0.0,-0.059242918,4.6051701860000005,500.813
0.1,15,0.04,-4.190415031000001,-2.155131072,2.420368129,1.609437912,6.907755279,-2.3025850930000002,0.34622219,5.298317367,1000.08307
0.5,20,0.08,-3.654284809,-1.4118337319999998,4.6051701860000005,1.609437912,6.907755279,-2.3025850930000002,1.03936937,5.298317367,999.5987
0.5,20,0.08,-4.385231766,-2.00556674,4.6051701860000005,2.3025850930000002,8.517193191,-2.3025850930000002,2.4256637309999998,6.214608097999999,4998.782
0.1,20,0.04,-3.986746552,-1.760051522,2.995732274,1.609437912,6.907755279,-2.3025850930000002,0.34622219,5.298317367,1001.51135
0.1,20,0.04,-3.8022721410000004,-1.618337396,2.995732274,1.609437912,6.214608097999999,-2.3025850930000002,-0.059242918,4.6051701860000005,499.7269
0.1,15,0.08,-3.6698614480000002,-2.002954687,2.420368129,0.0,6.214608097999999,-2.3025850930000002,0.123078638,6.214608097999999,499.71927
0.1,15,0.04,-4.190415031000001,-2.155131072,2.420368129,1.609437912,6.907755279,-2.3025850930000002,0.34622219,5.298317367,1000.1036
0.1,15,0.04,-4.022954566,-2.028626762,2.420368129,1.609437912,6.214608097999999,-2.3025850930000002,-0.059242918,4.6051701860000005,500.22754
0.5,10,0.08,-2.75986995,-1.25650195,3.218875825,0.0,5.298317367,-2.3025850930000002,-0.570068542,5.298317367,200.08644
0.5,10,0.04,-4.530062714,-2.726132709,3.218875825,3.218875825,8.517193191,-2.3025850930000002,1.955660102,5.298317367,4997.929
0.2,20,0.08,-4.195713057,-1.9920462380000001,3.688879454,1.609437912,6.214608097999999,-2.3025850930000002,0.633904262,4.6051701860000005,499.86728
0.1,10,0.04,-3.135914304,-1.6566343469999998,1.609437912,0.0,4.6051701860000005,-1.609437912,-1.6686808309999999,4.6051701860000005,100.12626
0.1,5,0.04,-3.755019257,-2.7298664539999997,0.22314355100000002,0.0,4.6051701860000005,-1.609437912,-1.6686808309999999,4.6051701860000005,100.09322
0.2,10,0.04,-4.884884089,-3.023884865,2.3025850930000002,2.3025850930000002,8.517193191,-1.609437912,1.732516551,6.214608097999999,4998.802
0.2,10,0.04,-2.997333555,-1.3994039169999999,2.3025850930000002,0.0,6.214608097999999,-1.609437912,-0.570068542,6.214608097999999,499.4458
0.1,15,0.04,-5.132802928,-2.907355163,2.420368129,2.3025850930000002,7.60090246,-1.609437912,1.03936937,5.298317367,1999.4099
0.2,10,0.04,-4.054739308,-2.379595735,2.3025850930000002,1.609437912,6.214608097999999,-1.609437912,-0.059242918,4.6051701860000005,500.08423
0.1,5,0.04,-3.9633163000000002,-2.840507885,0.22314355100000002,0.0,5.298317367,-1.609437912,-1.263215723,5.298317367,199.8959
0.2,20,0.08,-4.5208290380000005,-2.197288579,3.688879454,1.609437912,6.214608097999999,-1.609437912,0.633904262,4.6051701860000005,500.14478
0.1,15,0.08,-4.00743319,-2.218685218,2.420368129,0.0,6.214608097999999,-1.609437912,0.123078638,6.214608097999999,499.37292
0.5,20,0.08,-4.71721969,-2.240925713,4.6051701860000005,2.3025850930000002,8.517193191,-1.609437912,2.4256637309999998,6.214608097999999,4998.63
0.5,20,0.08,-3.780117935,-1.551319959,4.6051701860000005,1.609437912,6.214608097999999,-1.609437912,0.633904262,4.6051701860000005,499.9817
0.2,5,0.04,-2.772588722,-1.829261979,0.916290732,0.0,4.6051701860000005,-2.3025850930000002,-1.6686808309999999,4.6051701860000005,100.17143
0.2,10,0.04,-2.502989157,-0.9963301059999999,2.3025850930000002,0.0,4.6051701860000005,-1.609437912,-1.6686808309999999,4.6051701860000005,100.19847
0.2,10,0.04,-2.502989157,-0.9963301059999999,2.3025850930000002,0.0,4.6051701860000005,-1.609437912,-1.6686808309999999,4.6051701860000005,99.95029
0.5,5,0.04,-1.7610750869999998,-0.817377958,1.832581464,0.0,4.6051701860000005,-2.3025850930000002,-1.6686808309999999,4.6051701860000005,100.05104
0.1,10,0.04,-3.135914304,-1.6566343469999998,1.609437912,0.0,4.6051701860000005,-1.609437912,-1.6686808309999999,4.6051701860000005,99.92774
0.2,10,0.04,-2.23792158,-0.779934583,2.3025850930000002,0.0,4.6051701860000005,-2.3025850930000002,-1.6686808309999999,4.6051701860000005,100.02886
0.2,10,0.04,-2.23792158,-0.779934583,2.3025850930000002,0.0,4.6051701860000005,-2.3025850930000002,-1.6686808309999999,4.6051701860000005,99.9013
0.1,5,0.04,-3.4088264089999996,-2.445993676,0.22314355100000002,0.0,4.6051701860000005,-2.3025850930000002,-1.6686808309999999,4.6051701860000005,100.22556
0.1,5,0.04,-2.7063516439999997,-1.8157735119999998,0.22314355100000002,0.0,4.6051701860000005,0.0,-1.6686808309999999,4.6051701860000005,100.129074
0.1,5,0.04,-2.7063516439999997,-1.8157735119999998,0.22314355100000002,0.0,4.6051701860000005,0.0,-1.6686808309999999,4.6051701860000005,99.98713
0.5,5,0.04,-1.7610750869999998,-0.817377958,1.832581464,0.0,4.6051701860000005,-2.3025850930000002,-1.6686808309999999,4.6051701860000005,100.100624
0.5,10,0.04,-2.904430115,-1.259443232,3.218875825,1.609437912,6.214608097999999,-2.3025850930000002,-0.059242918,4.6051701860000005,499.60587
0.1,10,0.04,-3.658156281,-2.040651691,1.609437912,1.609437912,6.214608097999999,0.0,-0.059242918,4.6051701860000005,499.97476
0.5,5,0.04,-3.772261063,-2.692550938,1.832581464,1.609437912,6.214608097999999,-1.609437912,-0.059242918,4.6051701860000005,500.22348
0.5,5,0.04,-2.786444269,-1.7809144890000002,1.832581464,1.609437912,6.214608097999999,0.0,-0.059242918,4.6051701860000005,499.93542
0.5,10,0.04,-2.904430115,-1.259443232,3.218875825,1.609437912,6.214608097999999,-2.3025850930000002,-0.059242918,4.6051701860000005,499.74454
0.5,10,0.04,-2.904430115,-1.259443232,3.218875825,1.609437912,6.214608097999999,-2.3025850930000002,-0.059242918,4.6051701860000005,500.69098
0.5,5,0.04,-2.786444269,-1.7809144890000002,1.832581464,1.609437912,6.214608097999999,0.0,-0.059242918,4.6051701860000005,500.33466
0.2,15,0.04,-3.402197882,-1.417661197,3.113515309,1.609437912,6.214608097999999,-2.3025850930000002,-0.059242918,4.6051701860000005,499.7002
0.2,20,0.04,-3.186408635,-0.9921679609999999,3.688879454,1.609437912,6.214608097999999,-2.3025850930000002,-0.059242918,4.6051701860000005,500.08374
0.1,10,0.04,-3.658156281,-2.040651691,1.609437912,1.609437912,6.214608097999999,0.0,-0.059242918,4.6051701860000005,500.0575
0.5,5,0.04,-3.48675527,-2.442215044,1.832581464,1.609437912,6.214608097999999,-2.3025850930000002,-0.059242918,4.6051701860000005,500.08755
0.5,10,0.04,-3.597942459,-1.9139542219999999,3.218875825,2.3025850930000002,6.907755279,-2.3025850930000002,0.633904262,4.6051701860000005,1001.3882
0.2,10,0.04,-4.377238118,-2.641813123,2.3025850930000002,2.3025850930000002,6.907755279,-2.3025850930000002,0.633904262,4.6051701860000005,999.3256
0.1,20,0.04,-4.411249493,-2.1164707380000003,2.995732274,2.3025850930000002,6.907755279,-2.3025850930000002,0.633904262,4.6051701860000005,999.5291
0.2,10,0.04,-4.377238118,-2.641813123,2.3025850930000002,2.3025850930000002,6.907755279,-2.3025850930000002,0.633904262,4.6051701860000005,1000.20184
0.5,20,0.08,-3.780117935,-1.551319959,4.6051701860000005,1.609437912,6.214608097999999,-1.609437912,0.633904262,4.6051701860000005,500.21826
0.2,15,0.04,-4.052435159,-2.000201618,3.113515309,2.3025850930000002,6.907755279,-2.3025850930000002,0.633904262,4.6051701860000005,1000.4904
0.5,15,0.04,-3.520656822,-1.4647489969999998,4.0298060410000005,2.3025850930000002,6.907755279,-1.609437912,0.633904262,4.6051701860000005,1000.5143
0.5,10,0.04,-3.891240466,-2.195705731,3.218875825,2.3025850930000002,6.907755279,-1.609437912,0.633904262,4.6051701860000005,1000.6722
0.2,10,0.04,-4.706096105,-2.869416854,2.3025850930000002,2.3025850930000002,6.907755279,-1.609437912,0.633904262,4.6051701860000005,1001.3371
0.2,20,0.04,-3.814896295,-1.5248945790000001,3.688879454,2.3025850930000002,6.907755279,-2.3025850930000002,0.633904262,4.6051701860000005,1000.0392
0.2,15,0.04,-3.3991993789999997,-1.3909451590000002,3.113515309,2.3025850930000002,6.907755279,0.0,0.633904262,4.6051701860000005,1000.1112
0.5,20,0.08,-3.4731231210000004,-1.2612347529999999,4.6051701860000005,2.3025850930000002,6.907755279,0.0,1.327051443,4.6051701860000005,999.86084
0.5,20,0.08,-3.4731231210000004,-1.2612347529999999,4.6051701860000005,2.3025850930000002,6.907755279,0.0,1.327051443,4.6051701860000005,999.4166
0.5,20,0.08,-3.4731231210000004,-1.2612347529999999,4.6051701860000005,2.3025850930000002,6.907755279,0.0,1.327051443,4.6051701860000005,1000.0621
0.5,20,0.08,-4.105607755,-1.793456909,4.6051701860000005,2.3025850930000002,6.907755279,-2.3025850930000002,1.327051443,4.6051701860000005,998.59296
0.5,20,0.08,-3.4731231210000004,-1.2612347529999999,4.6051701860000005,2.3025850930000002,6.907755279,0.0,1.327051443,4.6051701860000005,1000.58484
0.5,20,0.08,-3.4731231210000004,-1.2612347529999999,4.6051701860000005,2.3025850930000002,6.907755279,0.0,1.327051443,4.6051701860000005,999.1927
0.5,20,0.08,-3.4731231210000004,-1.2612347529999999,4.6051701860000005,2.3025850930000002,6.907755279,0.0,1.327051443,4.6051701860000005,999.49194
0.5,20,0.08,-4.472389075,-2.067797596,4.6051701860000005,2.3025850930000002,6.907755279,-1.609437912,1.327051443,4.6051701860000005,1002.7232
0.5,20,0.08,-3.4731231210000004,-1.2612347529999999,4.6051701860000005,2.3025850930000002,6.907755279,0.0,1.327051443,4.6051701860000005,998.1979
0.5,20,0.08,-4.105607755,-1.793456909,4.6051701860000005,2.3025850930000002,6.907755279,-2.3025850930000002,1.327051443,4.6051701860000005,1002.0851
0.5,20,0.08,-3.4731231210000004,-1.2612347529999999,4.6051701860000005,2.3025850930000002,6.907755279,0.0,1.327051443,4.6051701860000005,1001.4192
0.2,15,0.04,-5.163786474,-2.9187712319999997,3.113515309,3.218875825,7.824046011,-1.609437912,1.5501949940000002,4.6051701860000005,2499.1338
0.2,15,0.04,-4.876978909,-2.7118775160000004,3.113515309,3.218875825,7.824046011,-2.3025850930000002,1.5501949940000002,4.6051701860000005,2501.8606
0.5,15,0.04,-3.419157707,-1.350433131,4.0298060410000005,3.218875825,7.824046011,0.0,1.5501949940000002,4.6051701860000005,2495.9897
0.2,15,0.04,-4.876978909,-2.7118775160000004,3.113515309,3.218875825,7.824046011,-2.3025850930000002,1.5501949940000002,4.6051701860000005,2502.5193
0.5,15,0.04,-3.419157707,-1.350433131,4.0298060410000005,3.218875825,7.824046011,0.0,1.5501949940000002,4.6051701860000005,2495.5684
0.5,15,0.04,-3.419157707,-1.350433131,4.0298060410000005,3.218875825,7.824046011,0.0,1.5501949940000002,4.6051701860000005,2508.2979
0.5,20,0.04,-3.8490482060000004,-1.4991316469999998,4.6051701860000005,3.218875825,7.824046011,-2.3025850930000002,1.5501949940000002,4.6051701860000005,2498.2236
0.2,20,0.04,-4.947660495,-2.555466463,3.688879454,3.218875825,7.824046011,-1.609437912,1.5501949940000002,4.6051701860000005,2500.6763
0.5,15,0.04,-4.390058806,-2.27789248,4.0298060410000005,3.218875825,7.824046011,-1.609437912,1.5501949940000002,4.6051701860000005,2497.1384
0.5,15,0.04,-4.390058806,-2.27789248,4.0298060410000005,3.218875825,7.824046011,-1.609437912,1.5501949940000002,4.6051701860000005,2502.8594
0.2,20,0.04,-4.947660495,-2.555466463,3.688879454,3.218875825,7.824046011,-1.609437912,1.5501949940000002,4.6051701860000005,2498.4224
0.1,5,0.04,-3.590664407,-2.569941799,0.22314355100000002,0.0,5.298317367,-2.3025850930000002,-1.263215723,5.298317367,199.99802
0.2,10,0.04,-2.7485597439999996,-1.196692702,2.3025850930000002,0.0,5.298317367,-1.609437912,-1.263215723,5.298317367,200.24908
0.2,5,0.04,-2.187650555,-1.271809202,0.916290732,0.0,5.298317367,0.0,-1.263215723,5.298317367,199.9982
0.5,5,0.04,-2.0396056330000003,-1.081472026,1.832581464,0.0,5.298317367,-2.3025850930000002,-1.263215723,5.298317367,200.19952
0.1,10,0.04,-3.0804190819999997,-1.583789659,1.609437912,0.0,5.298317367,-2.3025850930000002,-1.263215723,5.298317367,199.90782
0.1,5,0.04,-3.9633163000000002,-2.840507885,0.22314355100000002,0.0,5.298317367,-1.609437912,-1.263215723,5.298317367,199.93202
0.1,10,0.04,-3.3761146010000003,-1.830758127,1.609437912,0.0,5.298317367,-1.609437912,-1.263215723,5.298317367,200.234
0.2,5,0.04,-2.9592074989999997,-1.9884461119999999,0.916290732,0.0,5.298317367,-2.3025850930000002,-1.263215723,5.298317367,200.10266
0.2,10,0.04,-2.7485597439999996,-1.196692702,2.3025850930000002,0.0,5.298317367,-1.609437912,-1.263215723,5.298317367,199.996
0.1,5,0.04,-3.590664407,-2.569941799,0.22314355100000002,0.0,5.298317367,-2.3025850930000002,-1.263215723,5.298317367,200.24889
0.1,10,0.04,-3.3761146010000003,-1.830758127,1.609437912,0.0,5.298317367,-1.609437912,-1.263215723,5.298317367,199.78746
0.1,20,0.04,-3.986746552,-1.760051522,2.995732274,1.609437912,6.907755279,-2.3025850930000002,0.34622219,5.298317367,1000.02155
0.1,20,0.04,-4.300630996000001,-2.015033029,2.995732274,1.609437912,6.907755279,-1.609437912,0.34622219,5.298317367,998.23975
0.1,15,0.04,-4.5116798430000005,-2.449740298,2.420368129,1.609437912,6.907755279,-1.609437912,0.34622219,5.298317367,1000.78625
0.2,15,0.04,-3.606746625,-1.58701128,3.113515309,1.609437912,6.907755279,-2.3025850930000002,0.34622219,5.298317367,1000.72705
0.5,5,0.04,-2.894259305,-1.879856526,1.832581464,1.609437912,6.907755279,0.0,0.34622219,5.298317367,1001.3872
0.1,10,0.04,-4.495419322,-2.7453160260000002,1.609437912,1.609437912,6.907755279,-2.3025850930000002,0.34622219,5.298317367,1000.3063
0.2,10,0.04,-3.207441447,-1.570140279,2.3025850930000002,1.609437912,6.907755279,0.0,0.34622219,5.298317367,999.6106
0.2,10,0.04,-3.917035547,-2.237659147,2.3025850930000002,1.609437912,6.907755279,-2.3025850930000002,0.34622219,5.298317367,1000.07495
0.5,5,0.04,-3.610438028,-2.558148536,1.832581464,1.609437912,6.907755279,-2.3025850930000002,0.34622219,5.298317367,999.71216
0.5,10,0.04,-2.353457423,-0.728923592,3.218875825,1.609437912,6.907755279,0.0,0.34622219,5.298317367,999.634
0.5,5,0.04,-3.942482213,-2.813744106,1.832581464,1.609437912,6.907755279,-1.609437912,0.34622219,5.298317367,999.52435
0.5,15,0.04,-3.4345473610000004,-1.37267552,4.0298060410000005,2.3025850930000002,7.60090246,-2.3025850930000002,1.03936937,5.298317367,1998.8123
0.1,20,0.04,-3.91904762,-1.688307975,2.995732274,2.3025850930000002,7.60090246,0.0,1.03936937,5.298317367,2000.562
0.5,20,0.04,-3.172469452,-0.861206134,4.6051701860000005,2.3025850930000002,7.60090246,-2.3025850930000002,1.03936937,5.298317367,2001.0084
0.5,15,0.04,-2.697703909,-0.673697557,4.0298060410000005,2.3025850930000002,7.60090246,0.0,1.03936937,5.298317367,2000.9417
0.2,20,0.08,-4.297685486000001,-2.05635021,3.688879454,1.609437912,6.907755279,-2.3025850930000002,1.03936937,5.298317367,1000.5353
0.5,10,0.04,-3.302257434,-1.6185997540000001,3.218875825,1.609437912,7.824046011,-2.3025850930000002,1.03936937,6.214608097999999,2498.2449
0.2,10,0.04,-3.79423997,-2.115972755,2.3025850930000002,2.3025850930000002,7.60090246,0.0,1.03936937,5.298317367,1995.305
0.5,10,0.04,-3.031152219,-1.355881555,3.218875825,2.3025850930000002,7.60090246,0.0,1.03936937,5.298317367,2000.7175
0.1,15,0.04,-4.08162579,-2.048004892,2.420368129,2.3025850930000002,7.60090246,0.0,1.03936937,5.298317367,1998.4988
0.1,15,0.04,-4.336670933,-2.2771512919999997,2.420368129,1.609437912,7.824046011,-2.3025850930000002,1.03936937,6.214608097999999,2502.3188
0.5,15,0.08,-3.8584822389999998,-1.8165112840000002,4.0298060410000005,1.609437912,6.907755279,-2.3025850930000002,1.03936937,5.298317367,999.735
0.5,10,0.04,-4.530062714,-2.726132709,3.218875825,3.218875825,8.517193191,-2.3025850930000002,1.955660102,5.298317367,5000.432
0.5,10,0.04,-4.815891217,-2.9433675530000003,3.218875825,3.218875825,8.517193191,-1.609437912,1.955660102,5.298317367,4992.165
0.5,10,0.04,-4.815891217,-2.9433675530000003,3.218875825,3.218875825,8.517193191,-1.609437912,1.955660102,5.298317367,5005.7954
0.2,15,0.04,-5.014643315,-2.803130407,3.113515309,3.218875825,8.517193191,-2.3025850930000002,1.955660102,5.298317367,4998.1772
0.5,20,0.04,-3.310443018,-0.973358562,4.6051701860000005,3.218875825,8.517193191,0.0,1.955660102,5.298317367,4992.7983
0.2,15,0.04,-4.294748627,-2.194125385,3.113515309,3.218875825,8.517193191,0.0,1.955660102,5.298317367,5000.833
0.2,15,0.04,-5.259096653,-2.99990095,3.113515309,3.218875825,8.517193191,-1.609437912,1.955660102,5.298317367,4999.6455
0.2,15,0.04,-4.294748627,-2.194125385,3.113515309,3.218875825,8.517193191,0.0,1.955660102,5.298317367,4998.015
0.5,20,0.04,-4.37088889,-1.987453237,4.6051701860000005,3.218875825,8.517193191,-1.609437912,1.955660102,5.298317367,5001.7627
0.5,15,0.04,-4.260163047,-2.146573289,4.0298060410000005,3.218875825,8.517193191,-2.3025850930000002,1.955660102,5.298317367,4997.562
0.5,10,0.04,-3.8249282989999998,-2.114182066,3.218875825,3.218875825,8.517193191,0.0,1.955660102,5.298317367,4993.2173
0.2,10,0.04,-2.997333555,-1.3994039169999999,2.3025850930000002,0.0,6.214608097999999,-1.609437912,-0.570068542,6.214608097999999,499.48676
0.2,10,0.08,-3.3790445769999997,-1.923272329,2.3025850930000002,0.0,5.298317367,-2.3025850930000002,-0.570068542,5.298317367,199.84386
0.2,10,0.04,-2.646202798,-1.0984243059999999,2.3025850930000002,0.0,6.214608097999999,-2.3025850930000002,-0.570068542,6.214608097999999,500.0289
0.1,10,0.04,-3.249335032,-1.704584106,1.609437912,0.0,6.214608097999999,-2.3025850930000002,-0.570068542,6.214608097999999,500.33035
0.1,5,0.04,-4.054739308,-2.9178827380000003,0.22314355100000002,0.0,6.214608097999999,-1.609437912,-0.570068542,6.214608097999999,500.44205
0.5,5,0.04,-1.3293848670000001,-0.332690596,1.832581464,0.0,6.214608097999999,0.0,-0.570068542,6.214608097999999,499.10654
0.2,10,0.04,-2.997333555,-1.3994039169999999,2.3025850930000002,0.0,6.214608097999999,-1.609437912,-0.570068542,6.214608097999999,500.53464
0.2,5,0.04,-3.5092281260000004,-2.47879735,0.916290732,0.0,6.214608097999999,-1.609437912,-0.570068542,6.214608097999999,500.0933
0.1,15,0.08,-3.5439136839999996,-1.8920130480000001,2.420368129,0.0,5.298317367,-2.3025850930000002,-0.570068542,5.298317367,200.04617
0.2,10,0.08,-3.3790445769999997,-1.923272329,2.3025850930000002,0.0,5.298317367,-2.3025850930000002,-0.570068542,5.298317367,200.36838
0.1,5,0.04,-4.054739308,-2.9178827380000003,0.22314355100000002,0.0,6.214608097999999,-1.609437912,-0.570068542,6.214608097999999,498.72946
0.5,20,0.08,-4.625372893,-2.162475385,4.6051701860000005,2.3025850930000002,7.60090246,-1.609437912,1.732516551,5.298317367,2001.8302
0.2,15,0.04,-4.3724724219999995,-2.274347552,3.113515309,2.3025850930000002,8.517193191,-2.3025850930000002,1.732516551,6.214608097999999,4992.9985
0.2,20,0.08,-4.706096105,-2.339913198,3.688879454,1.609437912,7.824046011,-1.609437912,1.732516551,6.214608097999999,2500.0908
0.2,20,0.04,-4.1720899110000005,-1.8262018569999998,3.688879454,2.3025850930000002,8.517193191,-2.3025850930000002,1.732516551,6.214608097999999,5001.3765
0.2,15,0.04,-3.6260924660000002,-1.5869135019999998,3.113515309,2.3025850930000002,8.517193191,0.0,1.732516551,6.214608097999999,5002.6504
0.2,20,0.08,-4.706096105,-2.339913198,3.688879454,1.609437912,7.824046011,-1.609437912,1.732516551,6.214608097999999,2497.2231
0.5,20,0.08,-4.156645588,-1.8279422419999998,4.6051701860000005,1.609437912,7.824046011,-1.609437912,1.732516551,6.214608097999999,2493.909
0.2,15,0.04,-4.3724724219999995,-2.274347552,3.113515309,2.3025850930000002,8.517193191,-2.3025850930000002,1.732516551,6.214608097999999,5004.492
0.2,15,0.04,-3.6260924660000002,-1.5869135019999998,3.113515309,2.3025850930000002,8.517193191,0.0,1.732516551,6.214608097999999,4991.5845
0.2,20,0.08,-3.624590964,-1.576390058,3.688879454,1.609437912,7.824046011,0.0,1.732516551,6.214608097999999,2489.6863
0.5,20,0.08,-3.796910198,-1.527968531,4.6051701860000005,1.609437912,7.824046011,-2.3025850930000002,1.732516551,6.214608097999999,2501.9204
0.5,20,0.08,-4.385231766,-2.00556674,4.6051701860000005,2.3025850930000002,8.517193191,-2.3025850930000002,2.4256637309999998,6.214608097999999,4999.4785
0.5,20,0.08,-4.385231766,-2.00556674,4.6051701860000005,2.3025850930000002,8.517193191,-2.3025850930000002,2.4256637309999998,6.214608097999999,4992.1606
0.5,20,0.08,-3.63212112,-1.3966841490000002,4.6051701860000005,2.3025850930000002,8.517193191,0.0,2.4256637309999998,6.214608097999999,4995.7324
0.5,20,0.08,-4.71721969,-2.240925713,4.6051701860000005,2.3025850930000002,8.517193191,-1.609437912,2.4256637309999998,6.214608097999999,5005.5327
0.5,20,0.08,-3.63212112,-1.3966841490000002,4.6051701860000005,2.3025850930000002,8.517193191,0.0,2.4256637309999998,6.214608097999999,5005.7617
0.5,20,0.08,-3.63212112,-1.3966841490000002,4.6051701860000005,2.3025850930000002,8.517193191,0.0,2.4256637309999998,6.214608097999999,4995.947
0.5,20,0.08,-4.71721969,-2.240925713,4.6051701860000005,2.3025850930000002,8.517193191,-1.609437912,2.4256637309999998,6.214608097999999,4996.819
0.5,20,0.08,-4.385231766,-2.00556674,4.6051701860000005,2.3025850930000002,8.517193191,-2.3025850930000002,2.4256637309999998,6.214608097999999,4999.1353
0.5,20,0.08,-4.71721969,-2.240925713,4.6051701860000005,2.3025850930000002,8.517193191,-1.609437912,2.4256637309999998,6.214608097999999,4998.501
0.5,20,0.08,-4.71721969,-2.240925713,4.6051701860000005,2.3025850930000002,8.517193191,-1.609437912,2.4256637309999998,6.214608097999999,4998.4106
0.5,20,0.08,-3.63212112,-1.3966841490000002,4.6051701860000005,2.3025850930000002,8.517193191,0.0,2.4256637309999998,6.214608097999999,4994.8413
0.5,20,0.04,-4.554477072,-2.149006005,4.6051701860000005,3.218875825,9.433483922999999,-1.609437912,2.648807283,6.214608097999999,12515.056
0.5,15,0.04,-4.723953722,-2.566602724,4.0298060410000005,3.218875825,9.433483922999999,-1.609437912,2.648807283,6.214608097999999,12497.284
0.5,10,0.04,-4.658570963,-2.8105481510000003,3.218875825,3.218875825,9.433483922999999,-2.3025850930000002,2.648807283,6.214608097999999,12462.15
0.5,20,0.04,-4.554477072,-2.149006005,4.6051701860000005,3.218875825,9.433483922999999,-1.609437912,2.648807283,6.214608097999999,12484.765
0.5,15,0.04,-4.723953722,-2.566602724,4.0298060410000005,3.218875825,9.433483922999999,-1.609437912,2.648807283,6.214608097999999,12511.415
0.5,10,0.04,-4.658570963,-2.8105481510000003,3.218875825,3.218875825,9.433483922999999,-2.3025850930000002,2.648807283,6.214608097999999,12524.857
0.5,15,0.04,-4.723953722,-2.566602724,4.0298060410000005,3.218875825,9.433483922999999,-1.609437912,2.648807283,6.214608097999999,12490.862
0.5,15,0.04,-4.401413348,-2.2657518430000003,4.0298060410000005,3.218875825,9.433483922999999,-2.3025850930000002,2.648807283,6.214608097999999,12498.619
0.2,20,0.04,-4.958992061,-2.524679195,3.688879454,3.218875825,9.433483922999999,-2.3025850930000002,2.648807283,6.214608097999999,12488.646
0.5,15,0.04,-3.649658741,-1.559829036,4.0298060410000005,3.218875825,9.433483922999999,0.0,2.648807283,6.214608097999999,12498.285
0.5,20,0.04,-4.20908224,-1.8230767769999998,4.6051701860000005,3.218875825,9.433483922999999,-2.3025850930000002,2.648807283,6.214608097999999,12479.753
0.2,10,0.08,-3.243680944,-1.820554084,2.3025850930000002,0.0,4.6051701860000005,-2.3025850930000002,-0.97553365,4.6051701860000005,99.92746
0.5,10,0.08,-2.864002503,-1.3632343,3.218875825,0.0,4.6051701860000005,-1.609437912,-0.97553365,4.6051701860000005,99.93122
0.5,10,0.08,-2.596687733,-1.138734528,3.218875825,0.0,4.6051701860000005,-2.3025850930000002,-0.97553365,4.6051701860000005,99.9602
0.5,10,0.08,-2.596687733,-1.138734528,3.218875825,0.0,4.6051701860000005,-2.3025850930000002,-0.97553365,4.6051701860000005,99.9602
0.5,10,0.08,-2.596687733,-1.138734528,3.218875825,0.0,4.6051701860000005,-2.3025850930000002,-0.97553365,4.6051701860000005,99.916405
0.2,10,0.08,-3.243680944,-1.820554084,2.3025850930000002,0.0,4.6051701860000005,-2.3025850930000002,-0.97553365,4.6051701860000005,100.1551
0.5,10,0.08,-2.596687733,-1.138734528,3.218875825,0.0,4.6051701860000005,-2.3025850930000002,-0.97553365,4.6051701860000005,99.98522
0.2,10,0.08,-3.243680944,-1.820554084,2.3025850930000002,0.0,4.6051701860000005,-2.3025850930000002,-0.97553365,4.6051701860000005,99.98103
0.2,10,0.08,-3.6045383060000002,-2.084639025,2.3025850930000002,0.0,4.6051701860000005,-1.609437912,-0.97553365,4.6051701860000005,100.0457
0.5,10,0.08,-2.596687733,-1.138734528,3.218875825,0.0,4.6051701860000005,-2.3025850930000002,-0.97553365,4.6051701860000005,100.07308
0.5,10,0.08,-2.596687733,-1.138734528,3.218875825,0.0,4.6051701860000005,-2.3025850930000002,-0.97553365,4.6051701860000005,100.11566
0.2,10,0.08,-3.507224786,-2.0066372759999997,2.3025850930000002,0.0,6.214608097999999,-2.3025850930000002,0.123078638,6.214608097999999,498.98328
0.5,10,0.08,-3.2390785319999997,-1.642911969,3.218875825,0.0,6.214608097999999,-1.609437912,0.123078638,6.214608097999999,500.0792
0.1,20,0.08,-3.833211825,-1.902413973,2.995732274,0.0,6.214608097999999,-1.609437912,0.123078638,6.214608097999999,502.27734
0.5,10,0.08,-2.897879873,-1.3556953230000002,3.218875825,0.0,6.214608097999999,-2.3025850930000002,0.123078638,6.214608097999999,500.21585
0.2,15,0.08,-3.611918413,-1.782696661,3.113515309,0.0,6.214608097999999,-1.609437912,0.123078638,6.214608097999999,499.7002
0.2,15,0.08,-3.611918413,-1.782696661,3.113515309,0.0,6.214608097999999,-1.609437912,0.123078638,6.214608097999999,499.94736
0.1,15,0.08,-3.6698614480000002,-2.002954687,2.420368129,0.0,6.214608097999999,-2.3025850930000002,0.123078638,6.214608097999999,499.47128
0.2,15,0.08,-3.611918413,-1.782696661,3.113515309,0.0,6.214608097999999,-1.609437912,0.123078638,6.214608097999999,499.82507
0.2,15,0.08,-3.611918413,-1.782696661,3.113515309,0.0,6.214608097999999,-1.609437912,0.123078638,6.214608097999999,499.82507
0.5,10,0.08,-3.2390785319999997,-1.642911969,3.218875825,0.0,6.214608097999999,-1.609437912,0.123078638,6.214608097999999,499.81363
0.5,10,0.08,-3.2390785319999997,-1.642911969,3.218875825,0.0,6.214608097999999,-1.609437912,0.123078638,6.214608097999999,499.81363
0.2,5,0.04,-2.033168829,-1.14245133,0.916290732,0.0,4.6051701860000005,0.0,-1.6686808309999999,4.6051701860000005,100.04016
0.5,10,0.04,-2.200570168,-0.5928892610000001,3.218875825,1.609437912,6.214608097999999,0.0,-0.059242918,4.6051701860000005,500.42365
0.5,15,0.08,-3.08521944,-1.189570353,4.0298060410000005,1.609437912,6.214608097999999,0.0,0.633904262,4.6051701860000005,499.85272
0.1,15,0.04,-3.96121325,-1.958655021,2.420368129,2.3025850930000002,6.907755279,0.0,0.633904262,4.6051701860000005,999.838
0.5,10,0.04,-2.898242652,-1.236564869,3.218875825,2.3025850930000002,6.907755279,0.0,0.633904262,4.6051701860000005,999.0364
0.5,15,0.04,-2.554900022,-0.540096534,4.0298060410000005,2.3025850930000002,6.907755279,0.0,0.633904262,4.6051701860000005,999.25415
0.1,10,0.04,-3.7661925569999997,-2.127993334,1.609437912,1.609437912,6.907755279,0.0,0.34622219,5.298317367,999.6225
0.1,5,0.04,-2.9099216169999997,-1.9923101719999998,0.22314355100000002,0.0,6.214608097999999,0.0,-0.570068542,6.214608097999999,499.13034
0.2,10,0.04,-3.3049785239999996,-1.657725203,2.3025850930000002,1.609437912,7.824046011,0.0,1.03936937,6.214608097999999,2496.5706
0.5,5,0.04,-2.967339199,-1.958995389,1.832581464,1.609437912,7.824046011,0.0,1.03936937,6.214608097999999,2499.3257
0.5,15,0.04,-3.2289261610000004,-1.189399512,4.0298060410000005,2.3025850930000002,6.907755279,-2.3025850930000002,0.633904262,4.6051701860000005,1000.4217
0.5,10,0.04,-4.399783356,-2.625714739,3.218875825,3.218875825,7.824046011,-2.3025850930000002,1.5501949940000002,4.6051701860000005,2505.6047
0.5,15,0.04,-4.109255175,-2.010214031,4.0298060410000005,3.218875825,7.824046011,-2.3025850930000002,1.5501949940000002,4.6051701860000005,2502.2246
0.2,20,0.04,-3.392039444,-1.1507733279999999,3.688879454,1.609437912,6.907755279,-2.3025850930000002,0.34622219,5.298317367,999.6206
0.5,10,0.04,-3.1172221710000003,-1.456682491,3.218875825,1.609437912,6.907755279,-2.3025850930000002,0.34622219,5.298317367,1000.033
0.2,20,0.04,-4.008533906,-1.685304353,3.688879454,2.3025850930000002,7.60090246,-2.3025850930000002,1.03936937,5.298317367,2002.0602
0.5,10,0.04,-3.7818723210000003,-2.072871174,3.218875825,2.3025850930000002,7.60090246,-2.3025850930000002,1.03936937,5.298317367,2002.4354
0.2,5,0.04,-3.127208636,-2.1328423180000002,0.916290732,0.0,6.214608097999999,-2.3025850930000002,-0.570068542,6.214608097999999,500.02554
0.2,10,0.04,-4.072191758,-2.361910559,2.3025850930000002,1.609437912,7.824046011,-2.3025850930000002,1.03936937,6.214608097999999,2499.2302
0.2,15,0.04,-3.7766183680000003,-1.729122755,3.113515309,1.609437912,7.824046011,-2.3025850930000002,1.03936937,6.214608097999999,2498.849
0.2,20,0.08,-4.398156017,-2.139582281,3.688879454,1.609437912,7.824046011,-2.3025850930000002,1.732516551,6.214608097999999,2500.4377
0.1,15,0.04,-4.917144951,-2.76341493,2.420368129,2.3025850930000002,8.517193191,-2.3025850930000002,1.732516551,6.214608097999999,4994.175
0.2,10,0.04,-4.64183417,-2.820301067,2.3025850930000002,2.3025850930000002,8.517193191,-2.3025850930000002,1.732516551,6.214608097999999,4993.0225
0.5,10,0.04,-3.895165888,-2.18490873,3.218875825,2.3025850930000002,8.517193191,-2.3025850930000002,1.732516551,6.214608097999999,5003.8574
0.5,15,0.04,-3.616372763,-1.5324583530000002,4.0298060410000005,2.3025850930000002,8.517193191,-2.3025850930000002,1.732516551,6.214608097999999,5000.5513
0.5,20,0.04,-3.3813947539999996,-1.043703737,4.6051701860000005,2.3025850930000002,8.517193191,-2.3025850930000002,1.732516551,6.214608097999999,4998.0723
0.1,10,0.04,-4.686380241,-2.8781270310000004,1.609437912,1.609437912,6.214608097999999,-1.609437912,-0.059242918,4.6051701860000005,500.23135
0.1,20,0.04,-4.0675079080000005,-1.838172062,2.995732274,1.609437912,6.214608097999999,-1.609437912,-0.059242918,4.6051701860000005,500.56805
0.2,20,0.04,-3.433307436,-1.203932805,3.688879454,1.609437912,6.214608097999999,-1.609437912,-0.059242918,4.6051701860000005,500.13715
0.5,10,0.04,-3.228421238,-1.56515312,3.218875825,1.609437912,6.214608097999999,-1.609437912,-0.059242918,4.6051701860000005,501.402
0.5,20,0.04,-3.225397042,-0.909881316,4.6051701860000005,2.3025850930000002,6.907755279,-1.609437912,0.633904262,4.6051701860000005,1000.4971
0.5,5,0.04,-2.442537053,-1.4708418669999999,1.832581464,0.0,5.298317367,-1.609437912,-1.263215723,5.298317367,200.17862
0.2,10,0.08,-3.7661925569999997,-2.159975036,2.3025850930000002,0.0,5.298317367,-1.609437912,-0.570068542,5.298317367,199.89857
0.2,15,0.08,-3.445776425,-1.671866661,3.113515309,0.0,5.298317367,-1.609437912,-0.570068542,5.298317367,200.50648
0.1,10,0.04,-4.781907363999999,-2.956973205,1.609437912,1.609437912,6.907755279,-1.609437912,0.34622219,5.298317367,999.45715
0.2,10,0.04,-4.250296864,-2.533005053,2.3025850930000002,1.609437912,6.907755279,-1.609437912,0.34622219,5.298317367,1000.3263
0.2,15,0.04,-3.9301869760000003,-1.886298746,3.113515309,1.609437912,6.907755279,-1.609437912,0.34622219,5.298317367,1000.1675
0.2,20,0.04,-3.6944951930000003,-1.414134321,3.688879454,1.609437912,6.907755279,-1.609437912,0.34622219,5.298317367,999.5663
0.2,20,0.08,-4.611188258,-2.2622880359999997,3.688879454,1.609437912,6.907755279,-1.609437912,1.03936937,5.298317367,1001.57874
0.5,15,0.08,-4.218548166000001,-2.091093159,4.0298060410000005,1.609437912,6.907755279,-1.609437912,1.03936937,5.298317367,1001.5372
0.5,20,0.08,-3.972835145,-1.679216807,4.6051701860000005,1.609437912,6.907755279,-1.609437912,1.03936937,5.298317367,1001.99146
0.5,10,0.04,-4.09234656,-2.363057226,3.218875825,2.3025850930000002,7.60090246,-1.609437912,1.03936937,5.298317367,2002.213
0.5,15,0.04,-3.7766183680000003,-1.698990698,4.0298060410000005,2.3025850930000002,7.60090246,-1.609437912,1.03936937,5.298317367,2000.1442
0.2,20,0.04,-5.092930537,-2.6733010090000002,3.688879454,3.218875825,8.517193191,-1.609437912,1.955660102,5.298317367,5001.3525
0.5,15,0.04,-4.5873302680000005,-2.4396885719999997,4.0298060410000005,3.218875825,8.517193191,-1.609437912,1.955660102,5.298317367,4998.7017
0.1,10,0.04,-3.580563311,-1.983404353,1.609437912,0.0,6.214608097999999,-1.609437912,-0.570068542,6.214608097999999,500.2874
0.2,10,0.08,-3.884407838,-2.2491580769999997,2.3025850930000002,0.0,6.214608097999999,-1.609437912,0.123078638,6.214608097999999,500.08206
0.1,15,0.04,-4.6950948939999995,-2.593793375,2.420368129,1.609437912,7.824046011,-1.609437912,1.03936937,6.214608097999999,2500.9255
0.2,15,0.04,-4.135166557,-2.057194845,3.113515309,1.609437912,7.824046011,-1.609437912,1.03936937,6.214608097999999,2498.848
0.2,20,0.04,-3.918041078,-1.6053861319999998,3.688879454,1.609437912,7.824046011,-1.609437912,1.03936937,6.214608097999999,2500.5237
0.5,5,0.04,-4.08399827,-2.905233651,1.832581464,1.609437912,7.824046011,-1.609437912,1.03936937,6.214608097999999,2499.3923
0.5,10,0.04,-4.240527072,-2.493648751,3.218875825,2.3025850930000002,8.517193191,-1.609437912,1.732516551,6.214608097999999,4990.404
0.5,15,0.04,-3.969652118,-1.8773173580000002,4.0298060410000005,2.3025850930000002,8.517193191,-1.609437912,1.732516551,6.214608097999999,4996.9473
0.5,20,0.04,-3.742280231,-1.390157815,4.6051701860000005,2.3025850930000002,8.517193191,-1.609437912,1.732516551,6.214608097999999,5000.618
0.2,15,0.04,-5.339139361,-3.070886947,3.113515309,3.218875825,9.433483922999999,-1.609437912,2.648807283,6.214608097999999,12491.97
0.5,10,0.04,-4.898199865,-3.016261565,3.218875825,3.218875825,9.433483922999999,-1.609437912,2.648807283,6.214608097999999,12489.742
